"","Surface","obj.func_LL","k","AIC","AICc","R2m","R2c","LL","DeltaAIC","DeltaAICc","DeltaLL","Feature1","Feature2","Feature3","Feature4","Feature5","Feature6","Feature7"
"1","Null",-212949.837312611,1,425901.674625222,425901.682074012,0,0.651955813920255,-212949.837312611,3.6963046239689,3.6481484239921,5.43722282699309,NA,NA,NA,NA,NA,NA,NA
"2","Distance",-212948.935227506,2,425901.870455013,425901.892843072,4.90662987553372e-06,0.651929046422247,-212948.935227506,3.89213441498578,3.85891748400172,4.53513772200677,NA,NA,NA,NA,NA,NA,NA
"3","opend",-212948.779740785,3,425904.433148412,425904.478008225,5.67569909030923e-05,0.652073239537529,-212949.216574206,6.45482781395549,6.44408263696823,4.81648442198639,1,2500,NA,NA,NA,NA,NA
"4","fixed",-212948.901955285,3,425904.328996264,425904.373856077,4.87738599576283e-06,0.651928048028961,-212949.164498132,6.35067566600628,6.33993048901903,4.76440834801178,2500,1,NA,NA,NA,NA,NA
"5","scrub",-212948.926342773,3,425904.650594566,425904.695454379,5.04166015692368e-05,0.651795037302586,-212949.325297283,6.67227396799717,6.66152879100991,4.92520749900723,1,2500,NA,NA,NA,NA,NA
"6","beach",-212948.935227507,3,425903.870455013,425903.915314826,4.90662987458027e-06,0.651929046486208,-212948.935227507,5.89213441498578,5.88138923799852,4.5351377229963,1,2500,NA,NA,NA,NA,NA
"7","agric",-212948.896334151,3,425904.40684755,425904.451707363,3.99352058656652e-05,0.652031106380982,-212949.203423775,6.42852695198962,6.41778177500237,4.80333399100346,1,2500,NA,NA,NA,NA,NA
"8","water",-212948.930840747,3,425903.902554637,425903.94741445,9.84876489198789e-06,0.651946977428777,-212948.951277319,5.92423403897556,5.9134888619883,4.55118753499119,1,2500,NA,NA,NA,NA,NA
"9","urban",-212945.994532906,3,425897.989065774,425898.033925588,9.05557408671616e-05,0.6519291173069,-212945.994532887,0.0107451759977266,0,1.59444310300751,2500,1,NA,NA,NA,NA,NA
"10","opend.fixed",-212948.917000929,4,425906.164421349,425906.239327716,5.27670051916964e-05,0.652075276077107,-212949.082210675,8.18610075098695,8.20540212799096,4.68212089099688,1,2453.7014983484,2500,NA,NA,NA,NA
"11","opend.scrub",-212948.55197661,4,425905.785936076,425905.860842443,9.03013079837225e-05,0.652032715555639,-212948.892968038,7.80761547799921,7.82691685500322,4.49287825400825,1,835.886830778139,2500,NA,NA,NA,NA
"12","opend.beach",-212948.730541335,4,425905.968427882,425906.043334249,7.3395180550058e-05,0.652067284079324,-212948.984213941,7.99010728398571,8.00940866098972,4.5841241570015,1,1209.71677930125,2500,NA,NA,NA,NA
"13","opend.agric",-212948.776728187,4,425906.439789869,425906.514696237,5.64215994206788e-05,0.652072875849546,-212949.219894935,8.46146927098744,8.48077064898098,4.81980515099713,1,2500,55.5458998038471,NA,NA,NA,NA
"14","opend.water",-212948.779757193,4,425906.433160061,425906.508066428,5.6756370836161e-05,0.652073125093501,-212949.21658003,8.45483946299646,8.47414084000047,4.81649024601211,1,2500,1.02512569075316,NA,NA,NA,NA
"15","opend.urban",-212945.985830885,4,425900.182586649,425900.257493016,8.48636402489785e-05,0.651921335577908,-212946.091293324,2.20426605100511,2.22356742800912,1.69120353998733,2500,1883.79993689291,1,NA,NA,NA,NA
"16","fixed.scrub",-99999,4,425907.665994681,425907.740901048,2.17786081445059e-07,0.651952605156084,-212949.832997341,9.68767408299027,9.70697545999428,5.43290755699854,1,2500,2051.44696434503,NA,NA,NA,NA
"17","fixed.beach",-212948.901955303,4,425905.803910605,425905.878816972,5.30458764994584e-06,0.651925057121251,-212948.901955303,7.82559000700712,7.84489138401113,4.50186551900697,2.64443057937115,1,2500,NA,NA,NA,NA
"18","fixed.agric",-212947.823598526,4,425904.62976138,425904.704667747,0.000170315795294956,0.651871112641546,-212948.31488069,6.65144078200683,6.67074215901084,3.91479090601206,1,2500,596.286147880075,NA,NA,NA,NA
"19","fixed.water",-212948.899736678,4,425906.321632008,425906.396538375,4.88832616406622e-06,0.651928299514225,-212949.160816004,8.34331140998984,8.36261278699385,4.76072622000356,416.977307026153,1,2500,NA,NA,NA,NA
"20","fixed.urban",-212947.669728631,4,425905.025102979,425905.100009346,8.31520723096281e-05,0.651652549416853,-212948.512551489,7.04678238095948,7.0660837579635,4.11246170499362,1,631.098405310418,2500,NA,NA,NA,NA
"21","scrub.beach",-212945.980743324,4,425899.96148665,425900.036393017,4.0028931201145e-05,0.652027066244074,-212945.980743325,1.98316605197033,2.00246742897434,1.58065354099381,770.975988090298,2500,1,NA,NA,NA,NA
"22","scrub.agric",-212948.847981849,4,425906.616598617,425906.691504984,5.2173705886945e-05,0.651792372804798,-212949.308299309,8.63827801897423,8.65757939597825,4.90820952499053,1,2500,36.0682603772075,NA,NA,NA,NA
"23","scrub.water",-212948.926092775,4,425906.521856247,425906.596762614,5.09701741014771e-05,0.651793299095048,-212949.260928124,8.54353564896155,8.56283702596556,4.86083833998418,1.18722689258539,2500,1,NA,NA,NA,NA
"24","scrub.urban",-99999,4,425907.368716037,425907.443622404,9.54289242434588e-06,0.651947957221955,-212949.684358019,9.39039543899707,9.40969681600109,5.28426823500195,1,1036.38639049457,2500,NA,NA,NA,NA
"25","beach.agric",-212948.535109991,4,425901.59266922,425901.667575587,4.6068080796078e-05,0.651986761535511,-212946.79633461,3.61434862198075,3.63364999898477,2.39624482599902,67.2880314321933,1,2500,NA,NA,NA,NA
"26","beach.water",-212947.103579991,4,425900.330772716,425900.405679083,3.95988304318455e-05,0.65202700406528,-212946.165386358,2.35245211800793,2.37175349501194,1.76529657401261,1515.04601305232,1,2500,NA,NA,NA,NA
"27","beach.urban",-212945.994575154,4,425899.989089213,425900.06399558,9.05530528962747e-05,0.65192911624268,-212945.994544606,2.01076861500042,2.03006999200443,1.59445482198498,2488.5434205779,2500,1,NA,NA,NA,NA
"28","agric.water",-212948.886191463,4,425907.161476416,425907.236382783,2.75695177599364e-05,0.652032567176073,-212949.580738208,9.18315581796924,9.20245719497325,5.18064842399326,1,1103.37614016733,2500,NA,NA,NA,NA
"29","agric.urban",-212948.395579013,4,425905.250009746,425905.324916113,5.22279576968452e-05,0.651589834307799,-212948.625004873,7.27168914797949,7.2909905249835,4.22491508899839,1,206.673941759736,2500,NA,NA,NA,NA
"30","water.urban",-212944.989374282,4,425897.978320598,425898.053226965,0.000141008288349106,0.6520310611333,-212944.989160299,0,0.0193013770040125,0.589070515008643,2500,1,2.479259627592,NA,NA,NA,NA
"31","opend.fixed.scrub",-212948.056169794,5,425906.660423263,425906.77299362,9.80026229420029e-05,0.652062068442064,-212948.330211632,8.68210266495589,8.73906803200953,3.93012184801046,1,921.425656714359,225.314521920365,2500,NA,NA,NA
"32","opend.fixed.beach",-212948.921012655,5,425907.851182444,425907.963752801,5.84998020180651e-05,0.6520691544809,-212948.925591222,9.87286184600089,9.92982721299632,4.52550143800909,1,645.864938073464,718.945029931902,2500,NA,NA,NA
"33","opend.fixed.agric",-212946.773481286,5,425904.204154027,425904.316724383,0.00017990993542413,0.651881813454731,-212947.102077013,6.22583342896542,6.28279879497131,2.70198722899659,1,918.829443644555,1538.44685762449,2500,NA,NA,NA
"34","opend.fixed.water",-212948.840513135,5,425907.867920972,425907.980491329,6.23620545010754e-05,0.652071672530346,-212948.933960486,9.88960037397919,9.94656574097462,4.53387070199824,3.97592532817043,1581.84237597298,1,2500,NA,NA,NA
"35","opend.fixed.urban",-212946.86656778,5,425903.731274613,425903.84384497,5.22863161101854e-05,0.651779140710816,-212946.865637307,5.75295401498443,5.80991938197985,2.46554752299562,1,100.583736987969,533.738811649206,2500,NA,NA,NA
"36","opend.scrub.beach",-212947.50937536,5,425906.272049261,425906.384619617,0.00015353342779193,0.652144160118884,-212948.13602463,8.293728663004,8.3506940290099,3.73593484598678,1,1863.97089639281,2500,423.221132042518,NA,NA,NA
"37","opend.scrub.agric",-212947.656212526,5,425906.563187116,425906.675757473,9.7238323048067e-05,0.652048205504428,-212948.281593558,8.58486651798012,8.64183188497555,3.8815037739987,1,968.789410767419,2500,260.092549334885,NA,NA,NA
"38","opend.scrub.water",-212947.937838228,5,425906.46196844,425906.574538797,0.00014001737343609,0.652080568579437,-212948.23098422,8.48364784196019,8.54061320901383,3.83089443598874,1,984.943840633071,2500,936.265986879299,NA,NA,NA
"39","opend.scrub.urban",-99999,5,425909.609011753,425909.721582109,5.15725998283077e-07,0.651949884991053,-212949.804505876,11.6306911549764,11.6876565209823,5.40441609200207,1,1827.16712626915,203.495091573499,2500,NA,NA,NA
"40","opend.beach.agric",-212948.725749093,5,425907.580812535,425907.693382891,6.36838793771493e-05,0.652044984311483,-212948.790406267,9.60249193699565,9.65945730300155,4.3903164830117,1,599.192836522989,2500,13.2051898929449,NA,NA,NA
"41","opend.beach.water",-212948.731596972,5,425907.540789906,425907.653360263,5.93979523166477e-05,0.652039351960193,-212948.770394953,9.56246930797352,9.61943467496894,4.3703051689954,1,538.771646628596,2500,1.39650054581216,NA,NA,NA
"42","opend.beach.urban",-212948.730324914,5,425908.166596244,425908.2791666,7.08085114918576e-05,0.652068014970856,-212949.083298122,10.1882756459527,10.2452410120168,4.68320833798498,1.03882388389411,1751.79706462613,2500,1,NA,NA,NA
"43","opend.agric.water",-212948.763707532,5,425908.400577247,425908.513147604,5.87713988829897e-05,0.652102555712644,-212949.200288624,10.4222566490062,10.4792220160016,4.80019884000649,1,2500,2024.40007731323,517.600328606073,NA,NA,NA
"44","opend.agric.urban",-212948.734913346,5,425908.405451057,425908.518021413,5.65805818392404e-05,0.652070824961505,-212949.202725528,10.4271304589929,10.4840958249988,4.80263574401033,1,2500,76.2942938707802,12.8639990779934,NA,NA,NA
"45","opend.water.urban",-212945.05232798,5,425900.088067845,425900.200638201,0.000138700386401209,0.652026128581979,-212945.044033922,2.10974724695552,2.16671261296142,0.643944137991639,2500,2396.04688935062,1,1.5376156565153,NA,NA,NA
"46","fixed.scrub.beach",-99999,5,425909.673298519,425909.785868876,2.55760802031712e-08,0.651954587351317,-212949.83664926,11.6949779209681,11.7519432879635,5.43655947598745,1.00000000000045,2186.09052232755,2500,80.4267381504242,NA,NA,NA
"47","fixed.scrub.agric",-212946.480448344,5,425903.01681761,425903.129387966,0.0001389058763799,0.651991833853737,-212946.508408805,5.03849701199215,5.09546237799805,2.10831902100472,1,2500,724.18797661678,916.015546389833,NA,NA,NA
"48","fixed.scrub.water",-99999,5,425909.671446101,425909.784016457,7.30685088430053e-08,0.651953858481994,-212949.83572305,11.6931255029631,11.750090868969,5.43563326599542,1,2088.82096174958,2500,1235.85250280169,NA,NA,NA
"49","fixed.scrub.urban",-99999,5,425909.663071235,425909.775641591,2.01371469773617e-07,0.651952940416142,-212949.831535617,11.6847506369813,11.7417160029872,5.43144583300455,1,2500,1467.23964628029,38.4377919436397,NA,NA,NA
"50","fixed.beach.agric",-212947.817180924,5,425905.712199869,425905.824770225,0.000148139659186684,0.65185611981745,-212947.856099934,7.73387927096337,7.79084463696927,3.45601014999556,1,716.925903396491,2500,171.552626655644,NA,NA,NA
"51","fixed.beach.water",-212948.185272426,5,425903.930641388,425904.043211745,2.66285979675434e-05,0.651980268823173,-212946.965320694,5.95232078997651,6.00928615697194,2.5652309099969,18.012363165587,8.18075999160192,1,2500,NA,NA,NA
"52","fixed.beach.urban",-212945.967301958,5,425901.934603917,425902.047174273,3.71513668938272e-05,0.651956408154804,-212945.967301958,3.95628331898479,4.01324868499069,1.56721217400627,137.892729990402,332.931090506208,1,2500,NA,NA,NA
"53","fixed.agric.water",-212947.764524589,5,425906.440063623,425906.552633979,0.00016496128032831,0.651861064884084,-212948.220031812,8.46174302499276,8.51870839099865,3.81994202799979,1,2500,596.52279343157,152.090022870546,NA,NA,NA
"54","fixed.agric.urban",-212945.593109702,5,425901.217358708,425901.329929065,0.000170375320157897,0.651368997822049,-212945.608679354,3.23903810995398,3.29600347700762,1.20858956998563,1,233.985588605905,79.0799720929413,2500,NA,NA,NA
"55","fixed.water.urban",-212947.695616247,5,425906.94793348,425907.060503837,8.3389098543826e-05,0.651658738134444,-212948.47396674,8.96961288200691,9.02657824900234,4.0738769560121,1,583.423660798544,2500,2337.49566932319,NA,NA,NA
"56","scrub.beach.agric",-212947.002393863,5,425903.580590793,425903.693161149,4.78826642243295e-05,0.651973697963328,-212946.790295396,5.60227019496961,5.6592355609755,2.39020561199868,163.960182200392,101.18750707002,1,2500,NA,NA,NA
"57","scrub.beach.water",-212945.866192182,5,425901.674017373,425901.786587729,3.86166532369276e-05,0.652030570087664,-212945.837008686,3.69569677498657,3.75266214099247,1.43691890200716,733.10891762756,2500,1,178.045528622572,NA,NA,NA
"58","scrub.beach.urban",-99999,5,425909.672086431,425909.784656787,7.67259302450644e-08,0.651957734891721,-212949.836043215,11.6937658329844,11.7507311989903,5.43595343100606,2.41469476581369,2500,1,1593.59807794832,NA,NA,NA
"59","scrub.agric.water",-212948.760365822,5,425907.399262019,425907.511832375,1.01694927609878e-05,0.65193300533828,-212948.699631009,9.42094142100541,9.47790678701131,4.29954122498748,8.48114935088779,1,99.8911522990315,2500,NA,NA,NA
"60","scrub.agric.urban",-99999,5,425909.571947758,425909.684518114,2.98005943166982e-06,0.651960545940463,-212949.785973879,11.5936271600076,11.6505925260135,5.38588409501244,1,702.617155014451,14.2184446982146,2500,NA,NA,NA
"61","scrub.water.urban",-99999,5,425909.501205686,425909.613776043,5.78448704604723e-06,0.651963437592776,-212949.750602843,11.5228850879939,11.5798504549894,5.35051305900561,1.00000000000045,2500,2266.74265474397,1597.20559249279,NA,NA,NA
"62","beach.agric.water",-212948.897448097,5,425907.797705304,425907.910275661,5.28408190444046e-06,0.651926454499343,-212948.898852652,9.81938470597379,9.87635007296922,4.49876286799554,1,2500,20.743349700987,2.23984546314159,NA,NA,NA
"63","beach.agric.urban",-212945.205166286,5,425900.410300604,425900.52287096,0.000133906619331891,0.651995252239823,-212945.205150302,2.43198000598932,2.48894537199521,0.805060518003302,2495.8784012081,2500,952.827603446413,1,NA,NA,NA
"64","beach.water.urban",-212945.00957552,5,425900.019151038,425900.131721394,0.000137040580646056,0.652027939481856,-212945.009575519,2.04083044000436,2.09779580601025,0.609485735010821,508.784353375965,2500,1,1.00322962511746,NA,NA,NA
"65","agric.water.urban",-212948.463875503,5,425907.494861871,425907.607432227,4.69743540119742e-05,0.651631511165975,-212948.747430935,9.51654127298389,9.57350663898978,4.34734115100582,1,102.216195433451,1881.71141833108,2500,NA,NA,NA
"66","opend.fixed.scrub.beach",-212946.414137786,6,425904.832592689,425904.990487426,0.000216737069524363,0.652255087060039,-212946.416296345,6.85427209100453,6.95656183798565,2.01620656100567,1,1709.24286447646,951.992780873737,1428.90082126945,2500,NA,NA
"67","opend.fixed.scrub.agric",-212945.874189887,6,425903.979801562,425904.137696299,0.000114100030157411,0.651950887276774,-212945.989900781,6.00148096395424,6.10377071099356,1.58981099698576,1,296.815117766172,2298.87728850965,969.636240996658,2500,NA,NA
"68","opend.fixed.scrub.water",-212947.598297153,6,425907.8153508,425907.973245537,0.00013998610794708,0.65209710307593,-212947.9076754,9.83703020197572,9.93931994901504,3.5075856159965,1,910.853489390595,109.348019268778,2500,562.213643141407,NA,NA
"69","opend.fixed.scrub.urban",-212947.044064594,6,425906.087457165,425906.245351902,1.92782241071118e-05,0.651911340505158,-212947.043728583,8.1091365669854,8.21142631396651,2.64363879899611,1,150.430539779767,63.1278354220035,2500,1260.23618615483,NA,NA
"70","opend.fixed.beach.agric",-212946.932302841,6,425906.104197727,425906.262092464,0.000180636792380478,0.651881820197975,-212947.052098864,8.12587712897221,8.22816687601153,2.65200907998951,1,740.709202134396,1119.20578470468,2500,1918.18033091191,NA,NA
"71","opend.fixed.beach.water",-212948.924369149,6,425909.89276539,425910.050660126,6.08580526345527e-05,0.652075377870365,-212948.946382695,11.914444791968,12.0167345380178,4.54629291099263,1,1127.53327044901,1253.36859535631,2500,104.763418029194,NA,NA
"72","opend.fixed.beach.urban",-99999,6,425911.529766104,425911.687660841,9.3543832599735e-07,0.651962369768128,-212949.764883052,13.5514455059892,13.6537352529704,5.36479326800327,1,2218.80253215876,2500,2112.90776753465,810.889611620351,NA,NA
"73","opend.fixed.agric.water",-212946.75435312,6,425906.043769048,425906.201663785,0.00020722109259046,0.65186412752792,-212947.021884524,8.0654484499828,8.16773819696391,2.62179474000004,1,285.427693132397,2500,528.612352273884,2333.06347834698,NA,NA
"74","opend.fixed.agric.urban",-212946.31676557,6,425904.594962335,425904.752857072,7.6189102052345e-05,0.651863394990236,-212946.297481168,6.61664173699683,6.71893148397794,1.89739138400182,1,121.451566575808,1098.45884200245,51.4251005986998,2500,NA,NA
"75","opend.fixed.water.urban",-212946.876181316,6,425905.750476507,425905.908371244,5.44015965382749e-05,0.651773990346874,-212946.875238254,7.77215590898413,7.87444565596525,2.47514846999547,1,96.7540078623492,544.519120578989,7.53751157762781,2500,NA,NA
"76","opend.scrub.beach.agric",-212945.94482156,6,425904.245763762,425904.403658499,0.000235106392403276,0.652217307575301,-212946.122881881,6.26744316396071,6.36973291100003,1.722792096989,1,1197.61281905588,1932.42717188332,2500,368.389672285522,NA,NA
"77","opend.scrub.beach.water",-212946.997911717,6,425906.537642387,425906.695537124,0.000199578255144987,0.652187952557227,-212947.268821193,8.55932178895455,8.66161153599387,2.86873140899115,1,413.920202363456,558.165435636571,2500,316.426967821968,NA,NA
"78","opend.scrub.beach.urban",-212944.928474342,6,425901.856948685,425902.014843422,0.000149645065482599,0.652073799506939,-212944.928474342,3.8786280869972,3.98091783397831,0.528384558012476,41.2686313540385,183.172511950305,284.184793576125,2500,1,NA,NA
"79","opend.scrub.agric.water",-212947.400299476,6,425907.368058656,425907.525953393,0.000116193694760536,0.652055678455832,-212947.684029328,9.38973805797286,9.49202780501219,3.28393954399507,1,986.555855749767,2500,355.774274606374,833.441655522553,NA,NA
"80","opend.scrub.agric.urban",-212947.053447031,6,425906.295113894,425906.453008631,0.000101106227725608,0.652030852333541,-212947.147556947,8.31679329596227,8.41908304300159,2.74746716298978,1,967.058964280892,2500,226.079533571016,44.5162029887474,NA,NA
"81","opend.scrub.water.urban",-99999,6,425911.602868285,425911.760763022,4.5776641076844e-07,0.651953290278911,-212949.801434143,13.6245476869517,13.726837433991,5.40134435900836,1,1503.36663520637,212.478041605722,2061.07521920942,2500,NA,NA
"82","opend.beach.agric.water",-212948.712887478,6,425909.455794128,425909.613688865,5.46271097192962e-05,0.652053238060102,-212948.727897064,11.477473529987,11.5797632769682,4.32780728000216,1,452.422634684779,2500,367.61874222285,94.3515860933635,NA,NA
"83","opend.beach.agric.urban",-212946.354707711,6,425904.709415422,425904.867310159,7.94908832268438e-05,0.651933480518498,-212946.354707711,6.73109482397558,6.8333845710149,1.95461792699643,49.1075011879952,224.844149524196,2500,225.045520851319,1,NA,NA
"84","opend.beach.water.urban",-212948.734419262,6,425909.484121075,425909.642015812,4.83115498274917e-05,0.652019794285016,-212948.742060538,11.5058004769962,11.6080902239773,4.34197075400152,1,437.054430110024,2500,8.20698367584191,3.00457288199277,NA,NA
"85","opend.agric.water.urban",-212946.326451195,6,425904.985323786,425905.143218522,8.98971272487198e-05,0.651934370200903,-212946.492661893,7.00700318795862,7.10929293400841,2.09257210898795,312.762895299616,1406.45443339612,2500,28.4819558596632,1,NA,NA
"86","fixed.scrub.beach.agric",-212946.10304366,6,425904.209915571,425904.367810307,0.00014262357806756,0.652002010912289,-212946.104957785,6.23159497295273,6.33388471900253,1.70486800099025,1,2500,734.315542984892,1483.20941381912,883.694456728475,NA,NA
"87","fixed.scrub.beach.water",-99999,6,425911.671156231,425911.829050968,8.04609636190665e-08,0.651953989503374,-212949.835578115,13.6928356330027,13.7951253799838,5.43548833098612,1,2500,1876.67605598478,59.8939136254362,1448.94092362192,NA,NA
"88","fixed.scrub.beach.urban",-99999,6,425911.629819832,425911.787714569,2.68888151182585e-07,0.651957022895912,-212949.814909916,13.6514992339653,13.7537889810046,5.41482013199129,1,1058.71508851467,2500,2336.47282589342,124.190080135951,NA,NA
"89","fixed.scrub.agric.water",-212946.463659933,6,425904.974636251,425905.132530988,0.000146280331896811,0.651977813260008,-212946.487318125,6.99631565297022,7.09860540000955,2.08722834099899,1,2387.26269039848,695.445792659536,2500,128.866473546415,NA,NA
"90","fixed.scrub.agric.urban",-212946.239462391,6,425905.116266477,425905.274161214,0.00012460911107396,0.651781913008175,-212946.558133238,7.13794587895973,7.24023562599905,2.15804345399374,1,964.166458638988,9.51379865141462,322.480658909262,2500,NA,NA
"91","fixed.scrub.water.urban",-99999,6,425911.661542529,425911.819437266,2.27451185010291e-07,0.651952130106529,-212949.830771265,13.6832219309872,13.7855116779683,5.43068148099701,1,2233.81013853414,2132.25836531039,2500,25.3668411081235,NA,NA
"92","fixed.beach.agric.water",-212947.755855146,6,425908.095251896,425908.253146633,0.000169203107688324,0.651856787279349,-212948.047625948,10.116931297991,10.2192210449721,3.64753616400412,1,1519.35352857136,2500,363.464932661883,91.9870504308906,NA,NA
"93","fixed.beach.agric.urban",-212945.968950965,6,425903.937982517,425904.095877253,0.000111463712651068,0.651819251390392,-212945.968991258,5.95966191898333,6.06195166497491,1.56890147400554,1,1342.2673516371,11.8833909737737,469.254068218571,2500,NA,NA
"94","fixed.beach.water.urban",-212948.239844578,6,425908.658316475,425908.816211212,2.83861925108041e-05,0.651793139479702,-212948.329158237,10.6799958769698,10.7822856240091,3.92906845299876,1,674.717630745319,8.14130334320771,1547.15885714838,2500,NA,NA
"95","fixed.agric.water.urban",-212945.618233237,6,425903.260470939,425903.418365675,0.000170007384450661,0.651358921732256,-212945.630235469,5.28215034096502,5.38444008701481,1.23014568499639,1,222.357412870581,75.0696475543368,2.12574528016148,2500,NA,NA
"96","scrub.beach.agric.water",-212945.859198639,6,425903.64447888,425903.802373617,3.42449745085149e-05,0.652027509738834,-212945.82223944,5.66615828196518,5.7684480290045,1.42214965599123,646.384310308374,2500,1,379.305382747873,521.008471704921,NA,NA
"97","scrub.beach.agric.urban",-212948.330830024,6,425908.773160679,425908.931055415,3.02734022786193e-05,0.651724357901663,-212948.386580339,10.7948400809546,10.8971298270044,3.98649055499118,1,80.7558419093689,6.76849371441631,164.731320317577,2500,NA,NA
"98","scrub.beach.water.urban",-99999,6,425911.668863741,425911.826758477,2.65852978703469e-08,0.651956697864841,-212949.83443187,13.6905431429623,13.7928328890121,5.43434208599501,1,210.230044144295,1104.70897968653,1436.58195909108,2500,NA,NA
"99","scrub.agric.water.urban",-99999,6,425911.530582343,425911.688477079,4.57680219378078e-06,0.651974241692331,-212949.765291171,13.5522617449751,13.6545514909667,5.36520138700143,1,2500,21.2171204645829,437.229447115456,2456.29631008195,NA,NA
"100","beach.agric.water.urban",-212945.179253362,6,425902.353990825,425902.511885562,0.000155129227538389,0.652070997278986,-212945.176995413,4.37567022698931,4.47795997397043,0.776905628998065,1412.54159609328,2500,655.802634806175,4.69127520768825,1,NA,NA
"101","opend.fixed.scrub.beach.agric",-212944.454300774,7,425902.915299644,425903.126222432,0.000194631921736517,0.652135351938477,-212944.457649822,4.93697904597502,5.09229684399907,0.0575600379961543,1,2419.45713845474,1465.11178631277,2500,2319.41654328803,1047.8516892632,NA
"102","opend.fixed.scrub.beach.water",-212946.256248042,7,425906.532053452,425906.742976239,0.000223318730936879,0.652253070528517,-212946.266026726,8.5537328539649,8.70905065099942,1.86593694199109,1,2484.54877770547,1572.09182042959,2500,2273.76318740491,2490.25900024856,NA
"103","opend.fixed.scrub.beach.urban",-99999,7,425913.63936777,425913.850290557,1.7091033354612e-07,0.651959123294551,-212949.819683885,15.661047171976,15.8163649690105,5.41959410099662,1,2500,2273.38006274907,119.829845759798,1045.5730936558,1006.73565025167,NA
"104","opend.fixed.scrub.agric.water",-212945.88231882,7,425905.764637639,425905.975560427,0.000118256364468679,0.651949155370866,-212945.88231882,7.78631704096915,7.9416348389932,1.48222903598798,2.2677208655773,223.173805764255,2226.30372138746,788.556372043603,2500,1,NA
"105","opend.fixed.scrub.agric.urban",-212945.519505674,7,425905.038747727,425905.249670514,4.84327760307451e-05,0.652002152275581,-212945.519373864,7.06042712897761,7.21574492601212,1.11928407999221,1,790.992967615047,2500,398.111952668736,1290.6644937971,1439.71500599421,NA
"106","opend.fixed.scrub.water.urban",-212947.025120189,7,425908.049831807,425908.260754594,1.95390975708789e-05,0.65190945447626,-212947.024915904,10.0715112089529,10.2268290059874,2.62482612000895,1,147.145111978538,62.486488557749,2500,108.391916471124,1186.56462750736,NA
"107","opend.fixed.beach.agric.water",-212947.013517627,7,425908.057561295,425908.268484083,0.000180484138716352,0.651880850775733,-212947.028780648,10.0792406969704,10.2345584949944,2.6286908639886,1.47246970097558,802.356058825814,1241.67634985578,2500,2303.59131389587,1,NA
"108","opend.fixed.beach.agric.urban",-212946.560890637,7,425907.121781275,425907.332704062,0.000187466777358123,0.65190638014791,-212946.560890637,9.14346067700535,9.29877847398166,2.16080085298745,1.97545813210218,660.039863145852,1000.15087577714,1,2500,30.6705056627584,NA
"109","opend.fixed.beach.water.urban",-99999,7,425913.661898666,425913.872821453,8.4375829620673e-08,0.651958916185852,-212949.830949333,15.683578067983,15.8388958650175,5.43085954900016,1,2500,951.632973311895,1812.43463315305,2241.42210020672,1189.56090695816,NA
"110","opend.fixed.agric.water.urban",-212946.192752622,7,425906.48225233,425906.693175117,9.63236555315261e-05,0.65180940699767,-212946.241126165,8.50393173197517,8.65924952900968,1.84103638099623,1,65.4912375103272,1068.5720503711,71.1826782369312,1626.54255962868,2500,NA
"111","opend.scrub.beach.agric.water",-212945.486462676,7,425905.301946702,425905.512869489,0.000247606006226098,0.652245653809093,-212945.650973351,7.32362610398559,7.47894390096189,1.25088356700144,1,1547.9784597863,2500,692.047449364664,1456.18379933521,1542.51299824607,NA
"112","opend.scrub.beach.agric.urban",-212945.766509707,7,425905.548554235,425905.759477023,0.000208394533080497,0.652161278692143,-212945.774277118,7.57023363700137,7.7255514349672,1.37418733400409,1,1529.71931735889,2500,682.864659663352,442.571200062948,17.1655977835617,NA
"113","opend.scrub.beach.water.urban",-212947.040078696,7,425908.297841962,425908.50876475,0.00019425646305994,0.652179909687676,-212947.148920981,10.3195213639992,10.4748391619651,2.74883119700826,1,386.121662681119,514.365425709019,2500,362.573352412245,2.30729110402399,NA
"114","opend.scrub.agric.water.urban",-212946.920831783,7,425907.915823682,425908.126746469,9.78322118496428e-05,0.652015209904792,-212946.957911841,9.93750308395829,10.0928208809928,2.55782205698779,1,972.253877235006,2500,208.365088462635,660.485354547721,55.4416286525498,NA
"115","opend.beach.agric.water.urban",-212945.478105908,7,425904.747621645,425904.958544432,0.000112293917749035,0.65198637864256,-212945.373810822,6.76930104696658,6.92461884400109,0.973721037997166,162.795585508088,178.582535575597,2500,69.5846087662394,1393.35286837148,1,NA
"116","fixed.scrub.beach.agric.water",-212946.094604453,7,425906.194836643,425906.40575943,0.000151549591192111,0.651985015504975,-212946.097418322,8.21651604498038,8.37183384201489,1.6973285379936,1,2368.20202142314,688.953848004084,351.257046685096,2500,127.115489266167,NA
"117","fixed.scrub.beach.agric.urban",-212946.096499537,7,425906.192999072,425906.40392186,0.00014769229706836,0.651993202969047,-212946.096499536,8.21467847400345,8.36999627196928,1.69640975201037,2.35466320102842,2246.09308220193,659.567212184231,465.560676293265,2500,1,NA
"118","fixed.scrub.beach.water.urban",-99999,7,425913.533240332,425913.744163119,9.14281535741152e-07,0.651954998974608,-212949.766620166,15.5549197339569,15.7102375309914,5.3665303819871,1,2500,2273.64689052736,2095.09536666651,2226.54059812234,160.55111571964,NA
"119","fixed.scrub.agric.water.urban",-212946.475430693,7,425906.964096594,425907.175019381,0.00014446257182715,0.651979156048924,-212946.482048297,8.98577599599957,9.14109379297588,2.08195851300843,1,2258.18887441577,656.33732976253,2500,110.558558726495,2.36452807357591,NA
"120","fixed.beach.agric.water.urban",-212947.350115396,7,425908.698774429,425908.909697216,0.000117509085399624,0.651871050375933,-212947.349387214,10.7204538309597,10.8757716279943,2.94929742999375,1,2500,14.8845346186731,627.581318896647,8.41038360478251,63.7474240756328,NA
"121","scrub.beach.agric.water.urban",-212948.988199623,7,425911.999414033,425912.210336821,9.05259667107107e-06,0.651923237563028,-212948.999707017,14.0210934350034,14.1764112329693,4.59961723300512,1,387.655284428588,1529.93096471278,96.3645963163367,2500,17.6820037815924,NA
"122","opend.fixed.scrub.beach.agric.water",-212944.394806593,8,425904.800179567,425905.07187768,0.000192924214973939,0.652094977970066,-212944.400089784,6.82185896899318,7.03795209201053,0,1,2202.86795504571,1237.20628280469,2500,1920.86094927901,448.771164171424,551.970583266019
"123","opend.fixed.scrub.beach.agric.urban",-212945.521356861,8,425907.042223451,425907.313921565,4.85681076889705e-05,0.652001874387614,-212945.521111726,9.06390285299858,9.27999597700546,1.1210219420027,1,790.705299256046,2500,402.987255817165,1.1382420779546,1321.02981076311,1464.75048789459
"124","opend.fixed.scrub.beach.water.urban",-99999,8,425915.551614799,425915.823312912,6.38450930822167e-07,0.651960070900747,-212949.7758074,17.5732942009927,17.78938732401,5.37571761599975,1,2099.44455043937,2500,65.2873797342472,1600.51866132477,1152.12028237025,740.163537116593
"125","opend.fixed.scrub.agric.water.urban",-212945.622326968,8,425907.243560071,425907.515258184,3.42470994940722e-05,0.652024016940996,-212945.621780035,9.26523947296664,9.48133259598399,1.2216902509972,1,2202.23116768344,1471.68103077045,2500,976.273030901797,880.219001501647,2215.15406922668
"126","opend.fixed.beach.agric.water.urban",-99999,8,425915.617917725,425915.889615838,3.82289965079833e-07,0.651958623828956,-212949.808958862,17.6395971269812,17.8556902499986,5.4088690780045,1,2500,1939.39675388983,951.209161968561,12.7700532676595,2187.29653871245,650.698682692324
"127","opend.scrub.beach.agric.water.urban",-212945.325431842,8,425906.65935444,425906.931052553,0.000235504359881008,0.652188059455076,-212945.32967722,8.68103384197457,8.89712696499191,0.929587435995927,1,1472.68926731632,2500,696.029350510989,457.215626670172,2094.73357349356,12.0081011622074
"128","fixed.scrub.beach.agric.water.urban",-212946.081067531,8,425908.162135062,425908.433833175,0.000148735246176445,0.651988373371199,-212946.081067531,10.1838144639623,10.3999075869797,1.68097774698981,2.14561984861029,2326.23295407697,700.319217330207,958.626821293806,2500,125.251529074712,1
"129","opend.fixed.scrub.beach.agric.water.urban",-212946.073799067,8,425908.147598134,425908.419296247,0.000148841860100581,0.651984659459871,-212946.073799067,10.1692775359843,10.3853706590016,1.67370928300079,1.91888356203935,1810.41325748238,525.52369534534,2500,1913.31189969994,83.0022783084182,1
