"","Surface","obj.func_LL","k","AIC","AICc","R2m","R2c","LL","DeltaAIC","DeltaAICc","DeltaLL","Feature1","Feature2","Feature3","Feature4","Feature5","dunearea","Feature6","Feature7"
"1","Distance",-26631.655037527,2,53267.310075054,53267.3756488245,0.000211492777612144,0.603436440653669,-26631.655037527,3.30190787240281,2.89820789989608,5.6509539362014,NA,NA,NA,NA,NA,"westhoek",NA,NA
"2","Null",-26634.9897667238,1,53271.9795334476,53272.001272578,0,0.603377334391757,-26634.9897667238,7.97136626599968,7.52383165340143,8.98568313299984,NA,NA,NA,NA,NA,"westhoek",NA,NA
"3","opend",-26631.655047097,3,53274.93767294,53275.0695410719,8.33917182688999e-05,0.603412157714682,-26634.46883647,10.9295057584022,10.5921001472962,8.46475287920111,2500,1,NA,NA,NA,"westhoek",NA,NA
"4","fixed",-26631.6550375271,3,53272.708518325,53272.8403864569,0.000255642299935894,0.603672821584012,-26633.3542591625,8.70035114340135,8.36294553229527,7.35017557170067,2500,1,NA,NA,NA,"westhoek",NA,NA
"5","scrub",-26631.4666893259,3,53274.0535937292,53274.1854618611,0.00291800947347848,0.604484561248253,-26634.0267968646,10.0454265476001,9.70802093650127,8.02271327380004,1,2500,NA,NA,NA,"westhoek",NA,NA
"6","beach",-26631.655037527,3,53269.310075054,53269.4419431858,0.000211492777612144,0.603436440653669,-26631.655037527,5.30190787240281,4.96450226119487,5.6509539362014,1,2500,NA,NA,NA,"westhoek",NA,NA
"7","urban",-26631.6550375269,3,53271.2756883672,53271.4075564991,0.000204446266094718,0.603281486813632,-26632.6378441836,7.26752118559671,6.9301155744979,6.63376059279835,2500,1,NA,NA,NA,"westhoek",NA,NA
"8","Distance",-26631.6550375269,2,53267.3100750539,53267.3756488244,0.000211492777619874,0.603436440639212,-26631.6550375269,3.30190787230094,2.89820789980149,5.65095393609954,NA,NA,NA,NA,NA,"westhoek",NA,NA
"9","Null",-26634.9897667238,1,53271.9795334475,53272.001272578,0,0.603377334397275,-26634.9897667238,7.97136626589781,7.52383165340143,8.98568313299984,NA,NA,NA,NA,NA,"westhoek",NA,NA
"10","opend.fixed",-26634.4154620415,4,53276.8544256314,53277.0754201065,7.9358343842479e-05,0.602967034202629,-26634.4272128157,12.8462584497975,12.5979791818972,8.42312922489873,1,1240.00751001487,2500,NA,NA,"westhoek",NA,NA
"11","opend.scrub",-26629.654352802,4,53267.3185946682,53267.5395891433,0.00124694825599743,0.604091273746285,-26629.6592973341,3.3104274865982,3.06214821869798,3.6552137432991,1,450.546601862206,2500,NA,NA,"westhoek",NA,NA
"12","opend.beach",-26631.6550375269,4,53271.3100750539,53271.5310695291,0.000211492793942852,0.603436410106189,-26631.655037527,7.30190787230094,7.05362860449532,5.6509539362014,1.00000000001364,1,2500,NA,NA,"westhoek",NA,NA
"13","opend.urban",-26631.711927219,4,53277.8546920096,53278.0756864847,1.27623238421223e-05,0.603368199034197,-26634.9273460048,13.8465248279972,13.598245560097,8.9232624139986,1,115.424279090032,2500,NA,NA,"westhoek",NA,NA
"14","fixed.scrub",-26628.9904443099,4,53269.2255333485,53269.4465278236,0.000728309515206615,0.603867457965782,-26630.6127666742,5.21736616690032,4.9690868990001,4.60868308339923,230.56619775252,1,2500,NA,NA,"westhoek",NA,NA
"15","fixed.beach",-26631.6550375272,4,53271.3100750556,53271.5310695307,0.000211492794675967,0.603436408651527,-26631.6550375278,7.30190787399624,7.05362860609603,5.65095393699812,1,1.00000000117188,2500,NA,NA,"westhoek",NA,NA
"16","fixed.urban",-26631.876562928,4,53272.1773059628,53272.3983004379,0.000191115172419151,0.603450378585149,-26632.0886529814,8.16913878120249,7.920859513295,6.08456939060125,1,1.13162881964035,2500,NA,NA,"westhoek",NA,NA
"17","scrub.beach",-26630.8589875213,4,53269.8514915391,53270.0724860142,0.00119928596584194,0.603796227122454,-26630.9257457696,5.8433243574982,5.59504508959799,4.92166217880003,1,309.05774639359,2500,NA,NA,"westhoek",NA,NA
"18","scrub.urban",-26631.7523267389,4,53273.4928652245,53273.7138596996,0.000157136025167832,0.603507170027951,-26632.7464326122,9.48469804289925,9.23641877499904,6.7423490213987,1,13.9314646740099,2500,NA,NA,"westhoek",NA,NA
"19","beach.urban",-26631.9586629845,4,53271.9173259689,53272.138320444,0.000197970264909412,0.603450302711293,-26631.9586629845,7.9091587872972,7.66087951939699,5.95457939369953,1,2500,785.535672596694,NA,NA,"westhoek",NA,NA
"20","opend.fixed.scrub",-26628.0002191166,5,53265.8421425352,53266.1754758685,0.00116165622832889,0.604089579887716,-26627.9210712676,1.83397535359836,1.69803494389635,1.91698767679918,56.1041418813652,587.321047788669,1,2500,NA,"westhoek",NA,NA
"21","opend.fixed.beach",-26631.9096198946,5,53276.2984812272,53276.6318145606,0.000121488375290642,0.603291366584812,-26633.1492406136,12.2903140455965,12.1543736359963,7.14515702279823,1,1.95772833963201,5.21510379975462,2500,NA,"westhoek",NA,NA
"22","opend.fixed.urban",-26634.3933228699,5,53278.7922306994,53279.1255640327,8.1951554281966e-05,0.602994817493207,-26634.3961153497,14.7840635178,14.6481231080979,8.39203175889998,1,1257.60070944971,2500,38.6867353887474,NA,"westhoek",NA,NA
"23","opend.scrub.beach",-26627.4154954513,5,53264.8544616043,53265.1877949376,0.0016612751004157,0.6048641014235,-26627.4272308021,0.84629442269943,0.710354012997414,1.42314721129878,1,283.829949679044,1076.81590252824,2500,NA,"westhoek",NA,NA
"24","opend.scrub.urban",-26628.5135572739,5,53267.0259018241,53267.3592351574,0.00104052089800494,0.603741136530409,-26628.512950912,3.01773464249709,2.88179423279507,2.50886732120125,0.999999999999545,346.254223287991,2500,46.7430808812483,NA,"westhoek",NA,NA
"25","opend.beach.urban",-26631.9586684128,5,53273.9173387604,53274.2506720938,0.000197969908215864,0.603450305747032,-26631.9586693802,9.90917157880176,9.77323116920161,5.95458578940088,1.00000346188926,1,2500,1359.67552211101,NA,"westhoek",NA,NA
"26","fixed.scrub.beach",-26629.0576919206,5,53268.3383426648,53268.6716759982,0.000618172627689281,0.603743668236151,-26629.1691713324,4.33017548319913,4.19423507359897,3.16508774159956,8.66772311388286,1,98.0927926168051,2500,NA,"westhoek",NA,NA
"27","fixed.scrub.urban",-26632.5078962991,5,53275.0157925963,53275.3491259296,0.000189644188791671,0.60345323753972,-26632.5078962981,11.0076254146989,10.8716850049968,6.50381270729849,2.08196125719178,1,25.0863049791901,2500,NA,"westhoek",NA,NA
"28","fixed.beach.urban",-26631.6635962906,5,53273.3336137002,53273.6669470336,0.000210406877415742,0.603435209172542,-26631.6668068501,9.32544651859644,9.18950610899628,5.66272325929822,1.00871696024296,1,2500,1.07659675906052,NA,"westhoek",NA,NA
"29","scrub.beach.urban",-26631.986331777,5,53274.0689473981,53274.4022807314,0.000192963995799975,0.603448441191731,-26632.034473699,10.0607802164959,9.92483980680117,6.03039010820066,1,1.11987546258342,2500,2144.3817381599,NA,"westhoek",NA,NA
"30","opend.fixed.scrub.beach",-26627.4202653332,6,53266.8394810287,53267.3087547717,0.0015655007836194,0.604748101035325,-26627.4197405143,2.8313138470985,2.8313138470985,1.41565692349832,1,627.093188636827,8.41841532112994,2500,2494.36958357852,"westhoek",NA,NA
"31","opend.fixed.scrub.urban",-26628.4803816697,6,53268.9607633394,53269.4300370824,0.00104521505453976,0.603753589022824,-26628.4803816697,4.95259615779651,4.95259615779651,2.47629807889825,2.10130225020293,344.647415990683,1,2500,46.5481088520974,"westhoek",NA,NA
"32","opend.fixed.beach.urban",-26634.33961959,6,53280.6809972431,53281.1502709861,8.67402167017329e-05,0.603017569823069,-26634.3404986216,16.6728300614996,16.6728300614996,8.33641503080071,1,1365.97196709395,2500,2498.40437423061,52.3342021374747,"westhoek",NA,NA
"33","opend.scrub.beach.urban",-26626.0029024744,6,53264.0081671816,53264.4774409246,0.00150586080133383,0.604451170537781,-26626.0040835908,0,0,0,1,541.432192088154,2500,206.019982300492,74.6544420273995,"westhoek",NA,NA
"34","fixed.scrub.beach.urban",-26632.7007157239,6,53277.4550098922,53277.9242836352,0.000194970216049472,0.603462655117334,-26632.7275049461,13.4468427105967,13.4468427105967,6.72342135529834,2.72465557092801,1,22.793658600172,1389.90338124146,2500,"westhoek",NA,NA
"35","opend.fixed.scrub.beach.urban",-26632.2614142608,6,53276.8591347247,53277.3284084677,0.00017882809463261,0.603447514949035,-26632.4295673623,12.8509675430978,12.8509675430978,6.42548377149797,1.48394485232529,1,14.5398498513177,2500,24.644454649313,"westhoek",NA,NA
"36","Null",-1318.46737640583,1,2638.93475281166,2639.04001596956,0,0.60546061590262,-1318.46737640583,0,0,1.99209434748991,NA,NA,NA,NA,NA,"cabour",NA,NA
"37","Distance",-1318.45056356323,2,2640.90112712646,2641.22545145078,1.93321941908057e-05,0.605365323517857,-1318.45056356323,1.96637431479985,2.18543548121988,1.97528150488984,NA,NA,NA,NA,NA,"cabour",NA,NA
"38","opend",-1318.45541989965,3,2642.91083979237,2643.57750645904,3.92338889747195e-05,0.605483159312455,-1318.45541989619,3.97608698071008,4.53749048947975,1.98013783784995,1,2500,NA,NA,NA,"cabour",NA,NA
"39","fixed",-99999,3,2642.65925491182,2643.32592157849,0.000238255402382078,0.606581537772148,-1318.32962745591,3.72450210015995,4.28590560893008,1.85434539756989,1,2500,NA,NA,NA,"cabour",NA,NA
"40","scrub",-99999,3,2642.89508002905,2643.56174669571,2.2979361587341e-05,0.605348611808163,-1318.44754001452,3.96032721738993,4.52173072615005,1.97225795617987,1,2500,NA,NA,NA,"cabour",NA,NA
"41","agric",-99999,3,2641.13879512884,2641.80546179551,0.0118575261203164,0.599707408857069,-1317.56939756442,2.20404231717976,2.76544582594988,1.09411550607979,1,2500,NA,NA,NA,"cabour",NA,NA
"42","water",-99999,3,2642.90121429568,2643.56788096235,1.92825025257582e-05,0.605364930816466,-1318.45060714784,3.96646148401987,4.52786499279,1.97532508949985,1,2500,NA,NA,NA,"cabour",NA,NA
"43","urban",-99999,3,2642.90180850657,2643.56847517324,1.90035284996492e-05,0.605363130335081,-1318.45090425328,3.96705569490996,4.52845920368009,1.97562219493989,1,2500,NA,NA,NA,"cabour",NA,NA
"44","opend.fixed",-1318.45537379348,4,2644.91074751271,2646.05360465557,3.93275178138105e-05,0.605483221518542,-1318.45537375635,5.97599470104979,7.01358868600983,1.9800916980098,1,2500,1.13063895673849,NA,NA,"cabour",NA,NA
"45","opend.scrub",-1318.45539256987,4,2644.91078497487,2646.05364211772,3.9320129878055e-05,0.60548332342673,-1318.45539248743,5.97603216320977,7.0136261481598,1.98011042908979,1.00000000000045,2500,1.22512290345549,NA,NA,"cabour",NA,NA
"46","opend.agric",-1318.45542515922,4,2644.91085031844,2646.0537074613,3.92081988470681e-05,0.605483160778042,-1318.45542515922,5.97609750678021,7.01369149173979,1.98014310088001,1.01051609584283,2500,1,NA,NA,"cabour",NA,NA
"47","opend.water",-1318.45542650319,4,2644.910852997,2646.05371013985,3.92113924639958e-05,0.605483168451096,-1318.4554264985,5.97610018533987,7.01369417028991,1.98014444015985,1,2500,935.842923266104,NA,NA,"cabour",NA,NA
"48","opend.urban",-1318.45542226552,4,2644.91084157385,2646.05369871671,3.92306276646718e-05,0.605483162648338,-1318.45542078693,5.9760887621901,7.01368274715014,1.98013872858996,1,2500,1.01378230793625,NA,NA,"cabour",NA,NA
"49","fixed.scrub",-99999,4,2644.6460815245,2645.78893866736,0.000256859998976487,0.60653898433103,-1318.32304076225,5.71132871283999,6.74892269780003,1.8477587039099,1,2298.08647528571,2500,NA,NA,"cabour",NA,NA
"50","fixed.agric",-99999,4,2643.99218966921,2645.13504681207,0.00129128557361124,0.604516764581067,-1317.99609483461,5.05743685754987,6.09503084250991,1.52081277626985,1,1581.88108059087,2500,NA,NA,"cabour",NA,NA
"51","fixed.water",-99999,4,2644.65922218986,2645.80207933272,0.000238282716622956,0.606581536158626,-1318.32961109493,5.72446937819996,6.76206336316,1.85432903658989,1,2500,1850.67001094983,NA,NA,"cabour",NA,NA
"52","fixed.urban",-99999,4,2644.65780225931,2645.80065940217,0.000239472207716774,0.606583032011526,-1318.32890112966,5.72304944764983,6.76064343260987,1.85361907131983,1,2500,1098.86890604256,NA,NA,"cabour",NA,NA
"53","scrub.agric",-99999,4,2642.56236533371,2643.70522247657,0.00692041696419257,0.604110209118747,-1317.28118266686,3.62761252205019,4.66520650700977,0.805900608520005,1,2500,1999.02188648935,NA,NA,"cabour",NA,NA
"54","scrub.water",-99999,4,2644.89665801156,2646.03951515442,2.2167249123465e-05,0.60534733643615,-1318.44832900578,5.96190519989977,6.99949918485981,1.9730469474398,0.999999999999545,1966.11665923935,2500,NA,NA,"cabour",NA,NA
"55","scrub.urban",-99999,4,2644.42147812564,2645.5643352685,0.000442678329225257,0.604710201415714,-1318.21073906282,5.48672531398006,6.5243192989401,1.73545700447994,1,2500,1171.42295383052,NA,NA,"cabour",NA,NA
"56","agric.water",-99999,4,2641.14002143567,2642.28287857853,0.0173505111315065,0.6009428219671,-1316.57001071784,2.20526862400993,3.24286260896997,0.0947286594998786,1,2500,1500.70832635582,NA,NA,"cabour",NA,NA
"57","agric.urban",-99999,4,2643.84966790979,2644.99252505265,0.00213747599300807,0.602346558612018,-1317.9248339549,4.91491509812977,5.95250908308981,1.4495518965598,1,1989.4192936202,2500,NA,NA,"cabour",NA,NA
"58","water.urban",-99999,4,2644.9014034291,2646.04426057195,1.92403590368547e-05,0.605360041028613,-1318.45070171455,5.96665061743988,7.00424460238992,1.97541965620985,1,1912.467709545,2500,NA,NA,"cabour",NA,NA
"59","opend.fixed.scrub",-99999,5,2646.59921021584,2648.36391609819,0.000247899075953163,0.606611999166758,-1318.29960510792,7.66445740417976,9.32390012863016,1.82432304957979,1,1976.06609222931,2500,1714.5836717205,NA,"cabour",NA,NA
"60","opend.fixed.agric",-1318.45136818022,5,2646.90262168833,2648.66732757069,1.88495842016148e-05,0.605514547528159,-1318.45131084417,7.96786887666985,9.6273116011298,1.97602878582984,1,2500,219.081407592384,701.779148004112,NA,"cabour",NA,NA
"61","opend.fixed.water",-1318.45538473284,5,2646.91076519681,2648.67547107917,3.92969352692127e-05,0.605483166583842,-1318.45538259841,7.97601238515017,9.63545510961012,1.98010054007,1,2500,1.13267209330161,248.779531231566,NA,"cabour",NA,NA
"62","opend.fixed.urban",-99999,5,2646.62315799642,2648.38786387878,0.000197732173000017,0.6063541261228,-1318.31157899821,7.68840518476009,9.34784790922004,1.83629693986995,1,1368.56665129654,1420.42044470064,2500,NA,"cabour",NA,NA
"63","opend.scrub.agric",-99999,5,2644.69088444551,2646.45559032787,0.00526218750641605,0.60345977582168,-1317.34544222276,5.75613163385015,7.4155743583101,0.870160164419985,1,1234.11600457314,2500,2053.18604127603,NA,"cabour",NA,NA
"64","opend.scrub.water",-1318.45545538514,5,2646.91086397652,2648.67556985887,3.91850548856521e-05,0.605483348644561,-1318.45543198826,7.97611116485996,9.6355538893099,1.98014992991989,1,2500,1.42383315956386,1292.35927556752,NA,"cabour",NA,NA
"65","opend.scrub.urban",-1318.45550432569,5,2646.91092898638,2648.67563486873,3.90557041385938e-05,0.60548394632592,-1318.45546449319,7.97617617471997,9.63561889916991,1.98018243484989,1,2500,10.6113901924041,1.02113924196647,NA,"cabour",NA,NA
"66","opend.agric.water",-1318.45542799173,5,2646.91085598347,2648.67556186582,3.92043853863095e-05,0.605483168260131,-1318.45542799173,7.97610317180988,9.63554589625983,1.98014593338985,1.00262645613748,2500,1,1927.08764942125,NA,"cabour",NA,NA
"67","opend.agric.urban",-1318.45550668795,5,2646.91085344057,2648.67555932292,3.92091837736777e-05,0.605483182694405,-1318.45542672028,7.97610062890999,9.63554335335994,1.9801446619399,1,2500,1.00467865630071,1.08802972980811,NA,"cabour",NA,NA
"68","opend.water.urban",-1318.45543186156,5,2646.91086372313,2648.67556960548,3.91868757700904e-05,0.60548317114236,-1318.45543186156,7.97611091147019,9.63555363592013,1.98014980322,1.00853861878477,2500,216.529569112698,1,NA,"cabour",NA,NA
"69","fixed.scrub.agric",-99999,5,2645.4087947537,2647.17350063605,0.00189825962802012,0.605621955961922,-1317.70439737685,6.47404194204,8.13348466648995,1.22911531850991,1,1534.14653532456,2500,1240.51863808577,NA,"cabour",NA,NA
"70","fixed.scrub.water",-99999,5,2646.64647790667,2648.41118378902,0.000255943463887522,0.606541282082507,-1318.32323895333,7.71172509501002,9.37116781945997,1.84795689498992,1,2500,2060.63243601765,1676.17969420161,NA,"cabour",NA,NA
"71","fixed.scrub.urban",-99999,5,2646.53035922747,2648.29506510983,0.000327089426479356,0.606618674814986,-1318.26517961374,7.59560641580993,9.25504914026988,1.78989755539988,1,2500,680.322676138914,2329.99603932385,NA,"cabour",NA,NA
"72","fixed.agric.water",-99999,5,2644.71007155644,2646.47477743879,0.00306552562674299,0.605101596032743,-1317.35503577822,5.77531874478018,7.43476146923012,0.87975371988,1,2500,2224.16581047605,1553.32734812627,NA,"cabour",NA,NA
"73","fixed.agric.urban",-99999,5,2646.12299884792,2647.88770473027,0.00065314250594584,0.605366711493654,-1318.06149942396,7.1882460362599,8.84768876070984,1.58621736561986,1,2500,1812.51945006578,772.09169658902,NA,"cabour",NA,NA
"74","fixed.water.urban",-99999,5,2646.65774464435,2648.4224505267,0.000239515378487377,0.606582928015781,-1318.32887232217,7.72299183268979,9.38243455713973,1.8535902638298,1,2500,2047.47147272298,2430.1026599895,NA,"cabour",NA,NA
"75","scrub.agric.water",-99999,5,2644.47188570032,2646.23659158267,0.00658552897974027,0.604542408591539,-1317.23594285016,5.53713288865993,7.19657561310987,0.760660791819873,1,2500,1437.02288755476,143.506837760267,NA,"cabour",NA,NA
"76","scrub.agric.urban",-99999,5,2646.00491363468,2647.76961951704,0.00117007383203317,0.603871036003176,-1318.00245681734,7.07016082302016,8.72960354748011,1.52717475899999,1,218.219814665354,1763.22161575055,2500,NA,"cabour",NA,NA
"77","scrub.water.urban",-99999,5,2646.42770666447,2648.19241254682,0.000435719304964379,0.604715776673267,-1318.21385333223,7.49295385280993,9.15239657725988,1.73857127388987,1,2500,2343.65834676084,945.523362346143,NA,"cabour",NA,NA
"78","agric.water.urban",-99999,5,2644.05427388161,2645.81897976396,0.00803931545602508,0.601968772141208,-1317.0271369408,5.11952106994977,6.77896379440017,0.551854882459793,1,2196.1872177081,2500,1383.38062327296,NA,"cabour",NA,NA
"79","opend.fixed.scrub.agric",-1318.45268603762,6,2648.90532443791,2651.45077898336,1.63876617640399e-05,0.605513708232002,-1318.45266221895,9.97057162625015,12.4107630138001,1.97738016060998,1,2500,559.146687535802,2.39987614049505,1799.72698858315,"cabour",NA,NA
"80","opend.fixed.scrub.water",-1318.46582572334,6,2648.9321230656,2651.47757761106,3.83027040311815e-06,0.605463585355254,-1318.4660615328,9.99737025394006,12.4375616415,1.99077947445994,1,2500,8.87906860713065,590.164531579446,106.352711862595,"cabour",NA,NA
"81","opend.fixed.scrub.urban",-99999,6,2648.85001844296,2651.39547298841,4.69800373657918e-05,0.605639712909026,-1318.42500922148,9.91526563129992,12.3554570188498,1.94972716313987,1,2500,881.507078446969,1409.75406896672,1653.68010164918,"cabour",NA,NA
"82","opend.fixed.agric.water",-1318.45302205529,6,2648.9058088013,2651.45126334675,1.604347277568e-05,0.605513032910502,-1318.45290440065,9.97105598963981,12.4112473771897,1.97762234230981,1,2464.00186178215,771.356135399141,2500,6.0883203383969,"cabour",NA,NA
"83","opend.fixed.agric.urban",-1318.45276865445,6,2648.90545638007,2651.45091092553,1.62807552023118e-05,0.605513304197025,-1318.45272819004,9.97070356841004,12.41089495597,1.97744613169993,1,2500,634.436921950625,2034.3006011771,3.42819994030378,"cabour",NA,NA
"84","opend.fixed.water.urban",-99999,6,2648.71919243993,2651.26464698539,0.000147773835233701,0.606312817570007,-1318.35959621997,9.78443962826987,12.2246310158298,1.88431416162985,1,2500,2184.80875464815,1435.03267266223,1077.66627466095,"cabour",NA,NA
"85","opend.scrub.agric.water",-99999,6,2644.95056411668,2647.49601866214,0.00782945782758794,0.603234436936329,-1316.47528205834,6.01581130502018,8.45600269258011,0,1,1232.74495099238,841.76985573517,1631.93691900974,2500,"cabour",NA,NA
"86","opend.scrub.agric.urban",-99999,6,2648.07307984489,2650.61853439034,0.000871593332305647,0.60450861709679,-1318.03653992244,9.13832703322987,11.5785184207798,1.56125786409984,1,1622.02177702465,1510.31445642122,2500,1994.27730932329,"cabour",NA,NA
"87","opend.scrub.water.urban",-1318.45557267727,6,2648.91114535455,2651.4565999,3.86738946486515e-05,0.605483891305894,-1318.45557267727,9.97639254289015,12.4165839304401,1.98029061892998,1.01158841488495,2500,11.1227421581743,1017.2338893482,1,"cabour",NA,NA
"88","opend.agric.water.urban",-99999,6,2648.09659997564,2650.6420545211,0.000844694085193385,0.603144102103565,-1318.04829998782,9.16184716397993,11.6020385515399,1.57301792947987,1,2500,1729.00334467104,533.365055655863,1876.67662594558,"cabour",NA,NA
"89","fixed.scrub.agric.water",-99999,6,2646.12360256896,2648.66905711441,0.00419949615877972,0.604462882367626,-1317.06180128448,7.18884975729998,9.62904114484991,0.586519226139899,1,1277.25280673849,2500,1365.02704115039,1759.08609509232,"cabour",NA,NA
"90","fixed.scrub.agric.urban",-99999,6,2648.2028366181,2650.74829116355,0.000692954226619589,0.604757935054521,-1318.10141830905,9.26808380643979,11.7082751939902,1.62613625070981,1,1372.84687600049,1983.65563789859,2061.54879308618,2500,"cabour",NA,NA
"91","fixed.scrub.water.urban",-99999,6,2648.25750692275,2650.80296146821,0.000507583793981295,0.606185681933893,-1318.12875346138,9.32275411109003,11.76294549865,1.65347140303993,1,2071.13674705565,2303.8602315926,2500,2381.51630201056,"cabour",NA,NA
"92","fixed.agric.water.urban",-99999,6,2646.24550798509,2648.79096253054,0.00402712609347555,0.60462912460597,-1317.12275399254,7.31075517343015,9.75094656098008,0.647471934199984,1,1167.32012175155,996.522703926013,2500,1387.32018782638,"cabour",NA,NA
"93","scrub.agric.water.urban",-99999,6,2647.97633061571,2650.52178516117,0.00107255810879931,0.604511200208568,-1317.98816530786,9.04157780405012,11.4817691916101,1.51288324951997,1,2500,1323.47953278865,1248.57225493997,2415.84309354046,"cabour",NA,NA
"94","opend.fixed.scrub.agric.water",-1318.46436259263,7,2650.92872503211,2654.42872503211,3.32197379983202e-06,0.605480288183866,-1318.46436251605,11.9939722204499,15.3887090625499,1.98908045770986,1,1265.89418025728,894.81252695702,1703.93173399485,2500,"cabour",40.3303318447911,NA
"95","opend.fixed.scrub.agric.urban",-1318.45320616658,7,2650.90641233317,2654.40641233317,1.57022618764682e-05,0.605512270283866,-1318.45320616658,11.97165952151,15.36639636361,1.9779241082399,1.3196529415527,2337.79690125249,774.865694013622,1,2500,"cabour",22.3938989323119,NA
"96","opend.fixed.scrub.water.urban",-99999,7,2650.74721282187,2654.24721282187,0.000105893474316673,0.605872901391918,-1318.37360641093,11.8124600102101,15.2071968523101,1.89832435258995,1,2363.09383516605,2452.42939285241,2500,1690.29387417448,"cabour",2150.14907392705,NA
"97","opend.fixed.agric.water.urban",-1318.45511402946,7,2650.91019363229,2654.41019363229,1.35776599250662e-05,0.605509640721156,-1318.45509681614,11.97544082063,15.3701776627299,1.97981475779989,1,2388.43825450006,809.11936922553,2500,11.199146231796,"cabour",83.3266620206805,NA
"98","opend.scrub.agric.water.urban",-99999,7,2649.84389605858,2653.34389605858,0.00119584746674915,0.604393191310919,-1317.92194802929,10.9091432469199,14.3038800890199,1.44666597094988,1,1858.63636810518,2500,2006.55410801745,1972.33457576723,"cabour",1382.32960774839,NA
"99","fixed.scrub.agric.water.urban",-99999,7,2649.44765812835,2652.94765812835,0.00184624771828077,0.604386442015025,-1317.72382906418,10.5129053166902,13.9076421587902,1.24854700584001,1,905.056463127466,2500,2056.92012701554,1478.32275684105,"cabour",551.852104521028,NA
"100","opend.fixed.scrub.agric.water.urban",-99999,7,2649.5525797534,2653.0525797534,0.00158677989194732,0.604634124959662,-1317.7762898767,10.6178269417401,14.0125637838401,1.30100781835995,1,2500,1533.0264274162,2184.75630883244,2490.32124365164,"cabour",855.498963367387,NA
"101","Null",-8958.6059669103,1,17919.2119338206,17919.2507687721,0,0.563990049278721,-8958.6059669103,1.39103252869972,1.19224371790187,4.312195217919,NA,NA,NA,NA,NA,"doornpanne",NA,NA
"102","Distance",-8957.98310447477,2,17919.9662089495,17920.0838560084,0.000111375707080921,0.564393183553322,-8957.98310447477,2.14530765759991,2.02533095420222,3.6893327823891,NA,NA,NA,NA,NA,"doornpanne",NA,NA
"103","opend",-8957.28544525591,3,17921.2819743056,17921.519598068,0.000869868723542718,0.56472379389736,-8957.6409871528,3.46107301369921,3.46107301380107,3.34721546041874,1,2500,NA,NA,NA,"doornpanne",NA,NA
"104","fixed",-8955.91045064639,3,17917.8209012919,17918.0585250542,0.00077220967814779,0.564610279360146,-8955.91045064593,0,0,1.61667895354913,2500,1,NA,NA,NA,"doornpanne",NA,NA
"105","scrub",-8957.983104491,3,17922.8940139337,17923.1316376961,4.41929014728271e-05,0.564163695373708,-8958.44700696686,5.07311264179953,5.07311264190139,4.15323527447981,2500,1,NA,NA,NA,"doornpanne",NA,NA
"106","beach",-8957.98310447477,3,17921.9662089495,17922.2038327119,0.000111375707080921,0.564393183553322,-8957.98310447477,4.14530765759991,4.14530765770178,3.6893327823891,1,2500,NA,NA,NA,"doornpanne",NA,NA
"107","agric",-8957.98310447477,3,17921.9662089495,17922.2038327119,0.000111375707080921,0.564393183553322,-8957.98310447477,4.14530765759991,4.14530765770178,3.6893327823891,1,2500,NA,NA,NA,"doornpanne",NA,NA
"108","water",-8957.99638860093,3,17921.9927772019,17922.2304009642,0.000108966654164055,0.564387757477642,-8957.99638860093,4.17187591000038,4.17187591000038,3.70261690854932,1,2500,NA,NA,NA,"doornpanne",NA,NA
"109","urban",-8957.98182400651,3,17922.9977260545,17923.2353498168,2.88822716854469e-05,0.564179867818615,-8958.49886302723,5.1768247625987,5.17682476260234,4.20509133484848,1,2500,NA,NA,NA,"doornpanne",NA,NA
"110","Null",-8958.6059669103,1,17919.2119338206,17919.2507687721,0,0.563990049611731,-8958.6059669103,1.39103252869972,1.19224371790187,4.312195217919,NA,NA,NA,NA,NA,"doornpanne",NA,NA
"111","Distance",-8957.98310447476,2,17919.9662089495,17920.0838560084,0.000111375707043031,0.564393183740802,-8957.98310447476,2.14530765759991,2.02533095420222,3.68933278238001,NA,NA,NA,NA,NA,"doornpanne",NA,NA
"112","opend.fixed",-8956.67691861169,4,17920.4849384648,17920.8849384648,0.000982017723418791,0.564913552193122,-8956.24246923239,2.66403717290086,2.82641341059934,1.94869754000865,265.65660231608,2500,1.00000000000045,NA,NA,"doornpanne",NA,NA
"113","opend.scrub",-8957.2724581131,4,17923.2124520891,17923.6124520891,0.000881479918473958,0.564740351637487,-8957.60622604454,5.39155079720149,5.55392703489997,3.31245435215897,4.65601921559437,2500,1,NA,NA,"doornpanne",NA,NA
"114","opend.beach",-8957.2854452585,4,17922.8569303221,17923.2569303221,0.00093248855018954,0.564833716027723,-8957.42846516104,5.03602903020146,5.19840526789994,3.13469346865895,1,483.415655287098,2500,NA,NA,"doornpanne",NA,NA
"115","opend.agric",-8957.28544525537,4,17923.2819743056,17923.6819743056,0.000869868723542696,0.56472379389736,-8957.6409871528,5.46107301369921,5.62344925140133,3.34721546041874,1,2500,2339.24149590454,NA,NA,"doornpanne",NA,NA
"116","opend.water",-8957.26138575304,4,17923.2829675834,17923.6829675834,0.000869212353654163,0.564723113560186,-8957.6414837917,5.46206629150038,5.6244425292025,3.34771209931932,1,2500,51.6036518407332,NA,NA,"doornpanne",NA,NA
"117","opend.urban",-8957.26347172296,4,17923.1650510309,17923.5650510309,0.000919017574251879,0.564784065333599,-8957.58252551544,5.3441497390013,5.50652597669978,3.28875382305887,1,2500,11.2162200369326,NA,NA,"doornpanne",NA,NA
"118","fixed.scrub",-99999,4,17923.917608665,17924.317608665,0.0013114925571865,0.563850307336654,-8957.9588043325,6.0967073731008,6.25908361079928,3.66503264011953,1,1540.30286940349,2500,NA,NA,"doornpanne",NA,NA
"119","fixed.beach",-8955.91215424371,4,17919.8209012919,17920.2209012919,0.000772209678147808,0.564610279360146,-8955.91045064593,2,2.16237623770212,1.61667895354913,2500,1,1666.84050182158,NA,NA,"doornpanne",NA,NA
"120","fixed.agric",-8955.91172689387,4,17919.8234537877,17920.2234537877,0.000771434928637474,0.564610024112345,-8955.91172689387,2.00255249580005,2.16492873350217,1.61795520148917,2085.51997724592,1,2500,NA,NA,"doornpanne",NA,NA
"121","fixed.water",-8955.91180407213,4,17919.8236081443,17920.2236081443,0.000771140337698913,0.564610006237153,-8955.91180407213,2.00270685239957,2.16508309010169,1.61803237974891,1886.32880981886,1,2500,NA,NA,"doornpanne",NA,NA
"122","fixed.urban",-8957.25320501674,4,17922.8769346052,17923.2769346052,0.000244870465371191,0.564498820597952,-8957.43846730259,5.05603331329985,5.21840955100197,3.14469561020996,257.97773484079,1,2500,NA,NA,"doornpanne",NA,NA
"123","scrub.beach",-8957.98310498949,4,17923.9662103709,17924.3662103709,0.000111375559448176,0.564393182802458,-8957.98310518543,6.14530907900189,6.30768531670037,3.68933349305007,1,1.00000463178594,2500,NA,NA,"doornpanne",NA,NA
"124","scrub.agric",-8957.98310448167,4,17923.9662090094,17924.3662090094,0.000111375700875121,0.564393183481804,-8957.98310450468,6.14530771749924,6.30768395520136,3.68933281229874,0.999999999999545,1.0000001949511,2500,NA,NA,"doornpanne",NA,NA
"125","scrub.water",-8957.99638861051,4,17923.9927774337,17924.3927774337,0.000108966634388289,0.564387756970709,-8957.99638871684,6.17187614180148,6.33425237949996,3.70261702445896,1.00000086112414,1,2500,NA,NA,"doornpanne",NA,NA
"126","scrub.urban",-8957.96975532632,4,17924.7610249842,17925.1610249842,5.34645471697128e-05,0.564291059010654,-8958.38051249211,6.9401236923004,7.10249993000252,4.08674079972843,334.326829349222,1,2500,NA,NA,"doornpanne",NA,NA
"127","beach.agric",-8957.98310447476,4,17923.9662089495,17924.3662089495,0.000111375707043031,0.564393183740802,-8957.98310447476,6.14530765759991,6.30768389530203,3.68933278238001,1,2500,1988.18258848771,NA,NA,"doornpanne",NA,NA
"128","beach.water",-8957.99638860093,4,17923.9927772019,17924.3927772019,0.000108966654269177,0.564387756944732,-8957.99638860093,6.17187591000038,6.3342521477025,3.70261690854932,1,2500,972.907987477455,NA,NA,"doornpanne",NA,NA
"129","beach.urban",-8957.98182400671,4,17924.0622605376,17924.4622605376,0.0001046629479069,0.56440352963109,-8958.03113026881,6.24135924570146,6.40373548339994,3.73735857642896,1,2500,10.3888515481476,NA,NA,"doornpanne",NA,NA
"130","agric.water",-8957.99638860093,4,17923.9927772019,17924.3927772019,0.000108966654269177,0.564387756944732,-8957.99638860093,6.17187591000038,6.3342521477025,3.70261690854932,1,2284.14446415447,2500,NA,NA,"doornpanne",NA,NA
"131","agric.urban",-8957.98182410227,4,17923.9650213943,17924.3650213943,0.000111507877383033,0.564397557910815,-8957.98251069714,6.14412010239903,6.30649634010115,3.68873900475955,1,2500,1.90411280657418,NA,NA,"doornpanne",NA,NA
"132","water.urban",-8957.99638860136,4,17923.9927772027,17924.3927772027,0.000108966654153845,0.564387757166824,-8957.99638860134,6.17187591080074,6.33425214849922,3.70261690895859,1,2500,1.00000001830858,NA,NA,"doornpanne",NA,NA
"133","opend.fixed.scrub",-8955.46337602609,5,17920.9267520522,17921.5328126582,0.000863749270076029,0.565051248343162,-8955.46337602609,3.10585076030111,3.47428760399998,1.16960433370878,90.4275904057358,158.812248465727,1,2500,NA,"doornpanne",NA,NA
"134","opend.fixed.beach",-8956.88905948342,5,17923.6574081421,17924.2634687482,0.000495189448172448,0.564698589292541,-8956.82870407106,5.83650685019893,6.20494369399967,2.53493237867951,6.94779686545508,89.7344371974359,1,2500,NA,"doornpanne",NA,NA
"135","opend.fixed.agric",-8957.04708429958,5,17924.0941685992,17924.7002292052,0.000870842286223153,0.564922499649629,-8957.04708429958,6.27326730730056,6.64170415099943,2.7533126071994,5.2350731198585,334.78905099397,1,2500,NA,"doornpanne",NA,NA
"136","opend.fixed.water",-8956.26659464224,5,17922.2376768077,17922.8437374137,0.00101664894461022,0.564922757925823,-8956.11883840383,4.41677551580142,4.78521235950029,1.82506671144984,287.153022205902,2500,1,2434.2246661745,NA,"doornpanne",NA,NA
"137","opend.fixed.urban",-8957.28226073669,5,17924.6928388577,17925.2988994638,0.000681094884974281,0.565362611774604,-8957.34641942885,6.87193756580018,7.24037440960092,3.05264773646923,23.5208750878419,2500,1,1366.18240316538,NA,"doornpanne",NA,NA
"138","opend.scrub.beach",-8957.45218617174,5,17924.9773086652,17925.5833692713,0.000771058734519168,0.56459436635704,-8957.48865433262,7.15640737329886,7.5248442170996,3.19488264023857,1,653.349891656512,77.4583341879861,2500,NA,"doornpanne",NA,NA
"139","opend.scrub.agric",-8957.45219248014,5,17925.0851192951,17925.6911799012,0.000764017084345816,0.564577731270131,-8957.54255964756,7.26421800320168,7.63265484700241,3.24878795517907,1,844.906813711877,99.6296325706339,2500,NA,"doornpanne",NA,NA
"140","opend.scrub.water",-8956.86431926072,5,17924.6784590471,17925.2845196531,0.000657219031649541,0.564401020028764,-8957.33922952354,6.85755775520011,7.22599459890262,3.04545783116009,1,280.017061429692,52.3937476680653,2500,NA,"doornpanne",NA,NA
"141","opend.scrub.urban",-8957.38726358704,5,17924.8413300329,17925.4473906389,0.000886198786413594,0.565362326785358,-8957.42066501644,7.02042874100152,7.3888655847004,3.12689332405898,1,2500,16.7461931304915,342.045929719469,NA,"doornpanne",NA,NA
"142","opend.beach.agric",-8957.28544525361,5,17924.5785978018,17925.1846584079,0.000850152477003129,0.564858606588383,-8957.28929890092,6.75769650989969,7.12613335370042,2.99552720853899,1,221.857195841378,2500,1690.33461372326,NA,"doornpanne",NA,NA
"143","opend.beach.water",-8957.26234447996,5,17924.9072687354,17925.5133293415,0.000929643012182564,0.564821897583614,-8957.45363436771,7.0863674434986,7.45480428729934,3.15986267532935,1,548.291684300779,2500,10.6799906267147,NA,"doornpanne",NA,NA
"144","opend.beach.urban",-8957.26355761633,5,17924.5416487598,17925.1477093658,0.000923407456347268,0.56492221572347,-8957.27082437989,6.72074746790167,7.08918431160055,2.97705268750906,1,280.479930247147,2500,2.21685940552561,NA,"doornpanne",NA,NA
"145","opend.agric.water",-8957.29277092291,5,17924.7469827017,17925.3530433078,0.000925986724427875,0.564848877157717,-8957.37349135085,6.92608140980155,7.29451825360229,3.07971965846991,1,373.232011454435,2500,115.225024543778,NA,"doornpanne",NA,NA
"146","opend.agric.urban",-8957.26348335746,5,17924.9065707506,17925.5126313567,0.000965788425721845,0.564857372253486,-8957.45328537532,7.08566945870189,7.45410630250262,3.15951368294009,1,778.794809889492,2500,4.20725071389643,NA,"doornpanne",NA,NA
"147","opend.water.urban",-8957.18402723679,5,17924.6214435217,17925.2275041278,0.000899170386950078,0.565524242751755,-8957.31072176087,6.80054222980107,7.1689790736018,3.01695006848968,1,687.950926661774,2500,147.88510169057,NA,"doornpanne",NA,NA
"148","fixed.scrub.beach",-8958.09121331326,5,17926.1824266284,17926.7884872344,9.29142330113527e-05,0.564336134637572,-8958.09121331419,8.36152533649874,8.72996218020126,3.79744162180941,1.27656165261578,1.93376346222931,1,2500,NA,"doornpanne",NA,NA
"149","fixed.scrub.agric",-99999,5,17925.950976299,17926.557036905,0.00125813501632226,0.564058169960196,-8957.97548814949,8.13007500709864,8.49851185080115,3.68171645710936,1,2500,2043.13984117772,1604.38152638957,NA,"doornpanne",NA,NA
"150","fixed.scrub.water",-99999,5,17925.6097838611,17926.2158444672,0.00182014756502621,0.564309304082872,-8957.80489193057,7.7888825691989,8.15731941299964,3.5111202381886,1,2500,1212.3893996906,974.539886582196,NA,"doornpanne",NA,NA
"151","fixed.scrub.urban",-8957.5296330826,5,17924.3298097875,17924.9358703935,0.000320756724738474,0.564339480654577,-8957.16490489374,6.50890849560164,6.87734533930052,2.87113320135904,624.765307241489,1,2500,1880.44359663326,NA,"doornpanne",NA,NA
"152","fixed.beach.agric",-8956.43477763075,5,17922.8695552615,17923.4756158676,0.000521247546998688,0.564505422363344,-8956.43477763075,5.0486539695994,5.41709081340014,2.14100593836883,31.5750702281366,1,1672.03500193196,2500,NA,"doornpanne",NA,NA
"153","fixed.beach.water",-8956.51611105485,5,17923.0322221097,17923.6382827158,0.000486510319830191,0.564487544513213,-8956.51611105485,5.21132081780161,5.57975766160234,2.22233936246994,25.9804352328097,1,69.7333263176138,2500,NA,"doornpanne",NA,NA
"154","fixed.beach.urban",-8956.94864810467,5,17923.8972962093,17924.5033568154,0.000326862822636122,0.564474899588601,-8956.94864810467,6.07639491739974,6.44483176120048,2.65487641228901,11.7155957590567,1,2500,30.7122560295711,NA,"doornpanne",NA,NA
"155","fixed.agric.water",-8956.00285573427,5,17921.9844024557,17922.5904630617,0.000720973374587211,0.564594487474216,-8955.99220122783,4.16350116379908,4.53193800750159,1.69842953544867,159.765433286785,1,1305.92134087687,2500,NA,"doornpanne",NA,NA
"156","fixed.agric.urban",-8956.81020110078,5,17923.6068639776,17924.2129245837,0.000343537996274635,0.564521041280514,-8956.8034319888,5.78596268569891,6.15439952949964,2.50966029641859,7.44004627787444,1,2500,5.30526418354657,NA,"doornpanne",NA,NA
"157","fixed.water.urban",-8957.5943189338,5,17925.1886378676,17925.7946984736,0.000178938343140439,0.564432233483344,-8957.59431893379,7.36773657569938,7.73617341940189,3.30054724140973,2.79412485217699,1,2500,3.575582649436,NA,"doornpanne",NA,NA
"158","scrub.beach.agric",-8957.98310460712,5,17925.9662096335,17926.5722702396,0.00011137563597575,0.56439318349165,-8957.98310481676,8.14530834160178,8.51374518540251,3.68933312437912,1,1.00000222893141,2500,1680.99826490066,NA,"doornpanne",NA,NA
"159","scrub.beach.water",-8957.99638861701,5,17925.9927772703,17926.5988378764,0.000108966646583897,0.564387757298872,-8957.99638863515,8.17187597840166,8.5403128222024,3.70261694276996,1,1.00000034953746,2007.08574260062,2500,NA,"doornpanne",NA,NA
"160","scrub.beach.urban",-8957.96969565109,5,17925.9558370894,17926.5618976954,0.000112951275531764,0.564399282506001,-8957.97791854469,8.13493579750138,8.50337264120026,3.68414685230891,1.1933259933603,1,2500,2.43792705902251,NA,"doornpanne",NA,NA
"161","scrub.agric.water",-8957.99379698255,5,17925.9927776354,17926.5988382414,0.00010896660595561,0.5643877573439,-8957.99638881768,8.17187634350194,8.54031318720081,3.70261712530009,1,1.00000221391565,2500,6.65564410389788,NA,"doornpanne",NA,NA
"162","scrub.agric.urban",-8957.97228114686,5,17926.0111526373,17926.6172132434,0.000110443103655437,0.564405680975194,-8958.00557631865,8.19025134540061,8.55868818920135,3.71180462626944,1.70840048905075,1,2500,9.28869006801096,NA,"doornpanne",NA,NA
"163","scrub.water.urban",-8957.98943489683,5,17925.981518894,17926.5875795001,0.000108581329534723,0.564370931753296,-8957.990759447,8.16061760210141,8.52905444590215,3.69698775461984,1,1.82866050456005,2500,2.71121819221844,NA,"doornpanne",NA,NA
"164","beach.agric.water",-8957.98310448522,5,17925.9662089788,17926.5722695848,0.000111375704363679,0.564393183228584,-8957.98310448939,8.1453076869002,8.51374453060271,3.68933279701014,1,2500,2326.25208128469,1.00000244771491,NA,"doornpanne",NA,NA
"165","beach.agric.urban",-8957.98182401046,5,17925.9868231826,17926.5928837887,0.000109774367472069,0.564398068013183,-8957.9934115913,8.1659218907007,8.53435873450144,3.69963989891949,1,2500,1446.08332966326,3.17726502240066,NA,"doornpanne",NA,NA
"166","beach.water.urban",-8957.98357039593,5,17925.9672769942,17926.5733376002,0.000111274868753861,0.564392994259786,-8957.98363849708,8.14637570230116,8.51481254600003,3.6898668046997,1,2500,1.07916221554478,1.00180179594781,NA,"doornpanne",NA,NA
"167","agric.water.urban",-8957.99652826452,5,17925.9931907723,17926.5992513783,0.000108930479737637,0.564387728908774,-8957.99659538614,8.17228948040065,8.54072632409952,3.70282369375855,1,2500,202.991381934702,1.0092570473189,NA,"doornpanne",NA,NA
"168","opend.fixed.scrub.beach",-8957.37072928178,6,17927.0016178242,17927.8587606813,0.000908450132652478,0.56477524584589,-8957.50080891208,9.18071653230072,9.80023562710267,3.20703721969949,1.38590455097938,904.109705229477,1,3.16535553156928,2500,"doornpanne",NA,NA
"169","opend.fixed.scrub.agric",-8956.6798326149,6,17925.3596652292,17926.2168080863,0.000506985582195457,0.564622130753377,-8956.67983261459,7.53876393730025,8.15828303210219,2.38606092221016,5.47252499598244,89.1472905022792,1,12.2283771357993,2500,"doornpanne",NA,NA
"170","opend.fixed.scrub.water",-8956.4067056093,6,17924.8134112186,17925.6705540757,0.000792558207054073,0.564565493782544,-8956.4067056093,6.99250992670204,7.61202902150035,2.11293391692016,3.05759095856456,198.364734496057,1,40.9192569814709,2500,"doornpanne",NA,NA
"171","opend.fixed.scrub.urban",-8957.38517749633,6,17926.7703549927,17927.6274978498,0.000408151298776645,0.564270419929628,-8957.38517749633,8.94945370079949,9.56897279560144,3.09140580394887,2.32006153652674,2500,1,2478.85364341213,109.183737221747,"doornpanne",NA,NA
"172","opend.fixed.beach.agric",-8957.06859085827,6,17926.1371817165,17926.9943245737,0.00102905132071692,0.564967221610984,-8957.06859085827,8.31628042460216,8.93579951950232,2.77481916589022,5.78097789825779,551.87044089747,1,2126.47996440242,2500,"doornpanne",NA,NA
"173","opend.fixed.beach.water",-8956.67910141807,6,17925.3582028361,17926.2153456933,0.000611337689162213,0.564704204541918,-8956.67910141807,7.53730154420191,8.15682063910208,2.3853297256901,13.8219074406684,148.265552272108,1,1659.77901519481,2500,"doornpanne",NA,NA
"174","opend.fixed.beach.urban",-8957.3205698461,6,17926.6464279784,17927.5035708356,0.000815929817039889,0.56549618905424,-8957.32321398922,8.82552668650169,9.44504578140186,3.02944229683999,6.73323028266441,2181.74349837627,1,2500,751.770083622532,"doornpanne",NA,NA
"175","opend.fixed.agric.water",-8957.24327242769,6,17926.4988130426,17927.3559558998,0.000891467221561071,0.564867732022342,-8957.24940652132,8.67791175069942,9.29743084559959,2.95563482893886,1.84956121014829,309.273958927824,1,2500,1903.73284153291,"doornpanne",NA,NA
"176","opend.fixed.agric.urban",-8957.29669453821,6,17926.5933890776,17927.4505319348,0.000879179727329798,0.565501796316851,-8957.29669453882,8.77248778569992,9.39200688060009,3.00292284643911,3.83945469472974,1059.81010577446,1,2500,246.413513570626,"doornpanne",NA,NA
"177","opend.fixed.water.urban",-8957.33617341788,6,17926.7262773502,17927.5834202073,0.00081837896783343,0.565505400576138,-8957.3631386751,8.90537605830104,9.52489515309935,3.06936698271966,1,1579.81448757432,1.07976156355153,2500,516.764580400348,"doornpanne",NA,NA
"178","opend.scrub.beach.agric",-8957.39806021832,6,17926.7961204366,17927.6532632938,0.000938881133893706,0.56484443426001,-8957.39806021832,8.97521914470053,9.5947382396007,3.10428852593941,1.85326974306236,536.316933353683,1,1108.13053676243,2500,"doornpanne",NA,NA
"179","opend.scrub.beach.water",-8956.86432894711,6,17926.0463461409,17926.903488998,0.000577884705992203,0.564467800625395,-8957.02317307043,8.22544484900209,8.84496394380039,2.72940137805017,1,122.343780746271,23.3628264534946,1925.24726388317,2500,"doornpanne",NA,NA
"180","opend.scrub.beach.urban",-8957.27149661277,6,17926.8195204825,17927.6766633397,0.000940694857211004,0.564881813822313,-8957.40976024126,8.99861919059913,9.6181382854993,3.11598854887961,1,1925.44860903983,15.6642989420707,2500,28.589409148608,"doornpanne",NA,NA
"181","opend.scrub.agric.water",-8956.86431814895,6,17926.3248998312,17927.1820426884,0.000578461888305694,0.564430595522672,-8957.16244991561,8.50399853930139,9.12351763420156,2.86867822322893,1,148.571571527426,28.1914177506501,1298.80439965713,2500,"doornpanne",NA,NA
"182","opend.scrub.agric.urban",-8957.39487386811,6,17926.7908633908,17927.648006248,0.000405541099174648,0.564274349607589,-8957.39543169542,8.96996209890131,9.58948119380148,3.1016600030398,1,2500,2478.33650429842,10.4004563516751,111.207135800015,"doornpanne",NA,NA
"183","opend.scrub.water.urban",-8954.34164663665,6,17920.6618219135,17921.5189647706,0.00112789176711331,0.564628435815264,-8954.33091095674,2.84092062160198,3.46043971640029,0.0371392643592117,1,2500,2026.76089434956,744.292555601519,313.832192703192,"doornpanne",NA,NA
"184","opend.beach.agric.water",-8957.26148524962,6,17926.6796333996,17927.5367762568,0.00093247071553425,0.564863038810921,-8957.3398166998,8.85873210769932,9.47825120259949,3.0460450074188,1,342.668241390001,2500,2237.27606649846,7.85123028319913,"doornpanne",NA,NA
"185","opend.beach.agric.urban",-8957.26347400056,6,17926.7020073213,17927.5591501784,0.000984008146374614,0.56490435750633,-8957.35100366065,8.88110602939923,9.50062512420118,3.05723196826875,1,477.484743942998,2500,2017.60461765011,2.93593744610143,"doornpanne",NA,NA
"186","opend.beach.water.urban",-8957.18402871745,6,17926.3835375373,17927.2406803944,0.00077140715456981,0.565408468896702,-8957.19176876864,8.56263624539861,9.18215534020055,2.89799707625934,1,192.611303164518,685.16041680142,2500,41.9664308339488,"doornpanne",NA,NA
"187","opend.agric.water.urban",-8957.18402770779,6,17926.7249271995,17927.5820700566,0.000913302393891251,0.565527934608911,-8957.36246359973,8.90402590759913,9.52354500240108,3.06869190734869,1,1650.93655808838,2500,1909.89606706738,353.699133960115,"doornpanne",NA,NA
"188","fixed.scrub.beach.agric",-99999,6,17928.0312989315,17928.8884417886,0.00113241253124216,0.563941334426603,-8958.01564946574,10.2103976395993,10.8299167344012,3.72187777335967,1,2121.44593840596,2500,1602.70918632751,793.828676073968,"doornpanne",NA,NA
"189","fixed.scrub.beach.water",-8956.37390244696,6,17924.4963577158,17925.3535005729,0.000529449365787916,0.564533893208084,-8956.24817885788,6.67545642390178,7.29497551870008,1.95440716550002,23.2627636560333,1,72.5764636690178,1444.61275106565,2500,"doornpanne",NA,NA
"190","fixed.scrub.beach.urban",-8958.29332929789,6,17928.6088481709,17929.465991028,0.000135536384621266,0.564702446971673,-8958.30442408545,10.7879468790015,11.4074659737998,4.0106523930699,1.57671670796935,1,382.698491335238,2500,6.00173561234851,"doornpanne",NA,NA
"191","fixed.scrub.agric.water",-99999,6,17927.4101474408,17928.2672902979,0.00216000790114496,0.564480493534387,-8957.70507372039,9.58924614890202,10.2087652437003,3.41130202800923,1,2150.9611657737,678.78017220622,2500,1921.3208162388,"doornpanne",NA,NA
"192","fixed.scrub.agric.urban",-8958.16447840161,6,17928.6641999742,17929.5213428314,5.79998129204194e-05,0.564285117025108,-8958.33209998712,10.8432986822991,11.4628177771992,4.03832829473868,1,2.28446078783918,38.457744929834,2500,48.1211572430484,"doornpanne",NA,NA
"193","fixed.scrub.water.urban",-8958.20789555664,6,17928.4156692861,17929.2728121432,0.000109895880639886,0.56432269204145,-8958.20783464304,10.5947679942001,11.214287089002,3.91406295066008,1,1691.47753583505,1443.88073774086,2500,1117.4240010172,"doornpanne",NA,NA
"194","fixed.beach.agric.water",-8956.33453674,6,17924.6176273952,17925.4747702524,0.000569771558622297,0.564527751193847,-8956.30881369761,6.7967261033009,7.41624519820107,2.01504200522868,40.3756767089417,1,2231.93872922906,1783.11185716623,2500,"doornpanne",NA,NA
"195","fixed.beach.agric.urban",-8957.90623254406,6,17927.8124650886,17928.6696079458,0.00012980821233747,0.564433687256074,-8957.90623254432,9.99156379669876,10.6110828916026,3.61246085193852,2.19651139687721,1,2500,1618.94148372973,38.9550506070427,"doornpanne",NA,NA
"196","fixed.beach.water.urban",-8957.52412234987,6,17927.0482446998,17927.9053875569,0.000194147814058258,0.564457052195181,-8957.52412234989,9.22734340789975,9.8468625027017,3.23035065750992,4.07114945468675,1,850.850243132694,2500,19.5104402598881,"doornpanne",NA,NA
"197","fixed.agric.water.urban",-8957.85062712962,6,17927.7012542574,17928.5583971146,0.000137268476954825,0.564435480913302,-8957.85062712872,9.88035296550152,10.4998720604017,3.5568554363399,2.24956437894662,1,2084.57272263837,2500,29.7973933589938,"doornpanne",NA,NA
"198","scrub.beach.agric.water",-8957.99638863927,6,17927.9927773418,17928.849920199,0.000108966638663487,0.564387757092881,-8957.99638867092,10.1718760498989,10.7913951448027,3.70261697853857,1,1.00000071493923,1924.58108081797,1024.72221726115,2500,"doornpanne",NA,NA
"199","scrub.beach.agric.urban",-8957.96976006331,6,17927.9459023652,17928.8030452224,0.0001137235872637,0.564400666763524,-8957.97295118261,10.125001073302,10.7445201682021,3.67917949022922,1.16656840538735,1,2500,739.001077844265,2.24382303143466,"doornpanne",NA,NA
"200","scrub.beach.water.urban",-8957.98932781383,6,17928.0458660174,17928.9030088746,0.000103677825146435,0.564364865297302,-8958.02293300871,10.2249647255012,10.8444838204014,3.72916131632883,1,2.83030973504401,2500,2299.42682961441,4.79750852342022,"doornpanne",NA,NA
"201","scrub.agric.water.urban",-8957.98932732876,6,17928.042729268,17928.8998721252,0.00010441374601965,0.564370388134374,-8958.02136463401,10.2218279761,10.8413470710002,3.72759294163006,1,3.46500322985185,2500,2058.49323846624,6.12700546159385,"doornpanne",NA,NA
"202","beach.agric.water.urban",-8957.99639590782,6,17927.9927937029,17928.8499365601,0.000108965210831125,0.564387756078751,-8957.99639685146,10.1718924109991,10.7914115058993,3.70262515907962,1,2500,1318.41975093773,1109.25939255125,1.00036966570906,"doornpanne",NA,NA
"203","opend.fixed.scrub.beach.agric",-8957.16501757453,7,17928.3300351435,17929.4846743188,0.00074335618492166,0.564767073796864,-8957.16501757177,10.5091338515995,11.4261492646001,2.87124587938888,2.3635301182303,254.398775843042,1,5.46502934171804,1554.21207207315,"doornpanne",2500,NA
"204","opend.fixed.scrub.beach.water",-8956.84195612341,7,17927.6839122468,17928.8385514221,0.000338976916532757,0.564213947705618,-8956.84195612341,9.86301095490126,10.7800263679019,2.54818443102886,2.84793526099884,18.4567422032683,1,35.6016827694243,63.0029038041357,"doornpanne",2500,NA
"205","opend.fixed.scrub.beach.urban",-8957.37427607953,7,17928.762094566,17929.9167337413,0.000813878461479967,0.565425101995507,-8957.38104728302,10.9411932740986,11.8582086870992,3.08727559063846,1,2500,1.85813815923848,13.7061193320965,1906.55530229222,"doornpanne",621.712799110159,NA
"206","opend.fixed.scrub.agric.water",-8956.49595773564,7,17926.991915467,17928.1465546423,0.000598856300812158,0.564434392139289,-8956.49595773352,9.17101417509912,10.0880295880997,2.2021860411387,2.26028002094472,103.044392644098,1,31.1422869014091,1719.90422523637,"doornpanne",2500,NA
"207","opend.fixed.scrub.agric.urban",-8957.49005339126,7,17928.9894474909,17930.1440866662,0.000568639024558292,0.565137333023948,-8957.49472374545,11.1685461990019,12.0855616120025,3.20095205307007,1,2500,6.13006190980877,50.5651825110958,2305.97926738221,"doornpanne",986.797983464222,NA
"208","opend.fixed.scrub.water.urban",-8954.33422096792,7,17922.6684419358,17923.8230811111,0.0011065660092001,0.564599370648798,-8954.33422096792,4.84754064389926,5.76455605689989,0.0404492755387764,2.14491125501308,2500,1,2115.8254069265,1902.24253291591,"doornpanne",345.394671681472,NA
"209","opend.fixed.beach.agric.water",-8956.47421204961,7,17926.9484240992,17928.1030632745,0.000594056160429452,0.564614359931669,-8956.47421204961,9.1275228072991,10.0445382202997,2.1804403572296,20.3105975570788,82.1565257146522,1,2164.7016372624,983.517690604114,"doornpanne",2500,NA
"210","opend.fixed.beach.agric.urban",-8957.37369499391,7,17928.7473899879,17929.9020291631,0.000830653076596975,0.565501211407437,-8957.37369499393,10.9264886960009,11.8435041088997,3.07992330154957,1.66573412334265,1815.71315727057,1.00000000000045,2500,1411.63732772042,"doornpanne",538.942799325627,NA
"211","opend.fixed.beach.water.urban",-8957.11193310734,7,17928.2238662147,17929.3785053899,0.000684450729214236,0.565246717629297,-8957.11193310734,10.4029649227996,11.319980335702,2.81816141495983,2.08770395615738,161.972330246278,1,1726.48651241787,2500,"doornpanne",29.7866374422979,NA
"212","opend.fixed.agric.water.urban",-8957.35470416357,7,17928.7094083272,17929.8640475024,0.000917304070890671,0.565530799906577,-8957.35470416358,10.888507035299,11.8055224482014,3.06093247119861,1.53778659315049,1902.51406660654,1,2500,1310.81665733716,"doornpanne",407.359914421074,NA
"213","opend.scrub.beach.agric.water",-8956.86434793846,7,17928.4938031508,17929.6484423261,0.000623642143541206,0.564417864015527,-8957.2469015754,10.6729018588994,11.5899172719,2.95312988301885,1,200.768706362296,37.7106898888555,2500,1769.86012633267,"doornpanne",792.926400638199,NA
"214","opend.scrub.beach.agric.urban",-8957.28407918819,7,17928.5996682128,17929.754307388,0.00073441765403981,0.565249755689671,-8957.29983410638,10.7787669208992,11.6957823338016,3.00606241399873,1,392.20469884365,5.54109633520648,2500,2457.32790923105,"doornpanne",65.6681336873739,NA
"215","opend.scrub.beach.water.urban",-8954.29714440541,7,17922.5875433848,17923.74218256,0.0011348145929783,0.564660223095604,-8954.29377169238,4.76664209290175,5.68365750580051,0,1,2500,2108.01472977112,290.255552501819,758.351954980636,"doornpanne",344.745513289979,NA
"216","opend.scrub.agric.water.urban",-8954.34560539038,7,17922.6796457718,17923.8342849471,0.00110694797881736,0.564601333188647,-8954.33982288591,4.85874447990136,5.77575989290199,0.0460511935289105,1,2112.2981818244,1755.58719342405,13.8923560126273,2500,"doornpanne",289.743391499213,NA
"217","opend.beach.agric.water.urban",-8957.18402894968,7,17928.4527465053,17929.6073856805,0.000833918197807579,0.565471553601405,-8957.22637325265,10.6318452134001,11.5488606263025,2.93260156026918,1,282.103766346241,538.898481736095,760.681045740913,2500,"doornpanne",61.1904425469133,NA
"218","fixed.scrub.beach.agric.water",-99999,7,17929.6770026775,17930.8316418528,0.00139213897925236,0.563222996079959,-8957.83850133875,11.8561013856015,12.7731167986021,3.54472964636989,1,456.063157661865,2500,1883.27642433958,2205.45247919337,"doornpanne",197.998616539011,NA
"219","fixed.scrub.beach.agric.urban",-8958.28266259305,7,17930.8672375348,17932.0218767101,5.08705949849567e-05,0.564301858859664,-8958.4336187674,13.0463362429,13.9633516559006,4.13984707501913,1,7.28404378816504,347.331583292338,2500,425.846366006794,"doornpanne",177.095655457039,NA
"220","fixed.scrub.beach.water.urban",-8958.20821461678,7,17930.4161817084,17931.5708208836,0.000109864600600159,0.564322630860142,-8958.20809085419,12.595280416499,13.5122958294014,3.91431916180954,1,1808.87639912922,1548.64013379543,1889.18631610768,2500,"doornpanne",1199.51732334546,NA
"221","fixed.scrub.agric.water.urban",-8958.20841077583,7,17930.4168188296,17931.5714580049,0.000109585815161119,0.564322268205191,-8958.20840941481,12.5959175376993,13.5129329506999,3.91463772242969,1,1039.14214116326,890.813080648988,987.609794699648,2500,"doornpanne",690.852299877047,NA
"222","fixed.beach.agric.water.urban",-8958.24034548654,7,17930.4806909702,17931.6353301455,8.01249682171836e-05,0.564359994095994,-8958.2403454851,12.6597896782987,13.5768050912993,3.94657379271848,1.24688669487477,0.999999999999545,1165.14572189389,283.76804450163,2500,"doornpanne",96.6427384047984,NA
"223","scrub.beach.agric.water.urban",-8957.98942085453,7,17929.9869939451,17931.1416331204,0.000108186483847643,0.564370509284611,-8957.99349697257,12.1660926531986,13.0831080661992,3.69972528018843,1,1.91650805602421,2500,925.81833386184,1440.06275238896,"doornpanne",2.90404088308151,NA
"224","opend.fixed.scrub.beach.agric.water",-8957.18845467901,8,17930.376909358,17931.876909358,0.00100179624017777,0.564703761476058,-8957.18845467901,12.5560080661016,13.8183843038023,2.89468298662905,1.92590145837221,870.01003555847,1,64.6534406232081,1607.48467577611,"doornpanne",2500,1231.41997311041
"225","opend.fixed.scrub.beach.agric.urban",-8957.35644398026,8,17930.7128879605,17932.2128879605,0.000867292844449393,0.565502076883502,-8957.35644398025,12.891986668601,14.1543629063017,3.06267228786965,1.88115515100753,2500,1,6.04179145165836,940.065355662864,"doornpanne",2093.11589607077,634.615745814012
"226","opend.fixed.scrub.beach.water.urban",-8954.32838071543,8,17924.6567614309,17926.1567614309,0.00112856358438913,0.564645155121639,-8954.32838071543,6.83586013899912,8.09823637669979,0.034609023048688,2.03541576880934,2500,1,2026.348017855,210.601595624182,"doornpanne",779.997785436634,333.960542997031
"227","opend.fixed.scrub.agric.water.urban",-8954.3281176016,8,17924.6541852286,17926.1541852286,0.00112074055329921,0.564631445976712,-8954.32709261431,6.83328393669944,8.09566017440011,0.0333209219297714,1.08293852296401,2500,1,2123.85505090147,35.6007735812527,"doornpanne",810.199393281066,339.225960498495
"228","opend.fixed.beach.agric.water.urban",-8957.35967095268,8,17930.7193419054,17932.2193419054,0.000819273869985549,0.565505530580407,-8957.35967095268,12.8984406134987,14.1608168511993,3.06589926029847,2.04495486484984,2244.36440968377,1,1900.10072002503,1090.39902825014,"doornpanne",2500,746.377771708679
"229","opend.scrub.beach.agric.water.urban",-8954.31149917614,8,17924.6097064696,17926.1097064696,0.00113737241893539,0.564666913818306,-8954.30485323481,6.78880517770085,8.05118141540152,0.0110815424286557,1,2500,2051.78065882919,1411.3187802976,17.2957176942596,"doornpanne",738.919669757151,341.194068655574
"230","fixed.scrub.beach.agric.water.urban",-8958.20776675717,8,17932.4152356382,17933.9152356382,0.000109962759822249,0.564322848630076,-8958.20761781912,14.5943343463005,15.8567105840011,3.91384612673937,1,1838.41074020822,1569.57934502105,346.049565540244,1880.21087883323,"doornpanne",2500,1210.08533079063
"231","opend.fixed.scrub.beach.agric.water.urban",-8958.20852131894,8,17932.4170367742,17933.9170367742,0.00010980550394034,0.564322909921604,-8958.2085183871,14.5961354823012,15.8585117200018,3.91474669471972,1,2071.45927007784,1810.0242899994,592.439778283276,1640.21114116913,"doornpanne",2500,1374.55441372599
"232","Null",-14611.8214551299,1,29225.6429102597,29225.672761006,0,0.612961762588278,-14611.8214551299,0,0,1.56329368310071,NA,NA,NA,NA,NA,"teryde",NA,NA
"233","Distance",-14611.4510142396,2,29226.9020284791,29226.9922540431,4.19081439812105e-05,0.612842086299509,-14611.4510142396,1.25911821940099,1.31949303709916,1.19285279279939,NA,NA,NA,NA,NA,"teryde",NA,NA
"234","opend",-14611.3939048966,3,29229.4051939133,29229.5870120951,2.41249874078466e-05,0.612930842446745,-14611.7025969566,3.7622836535993,3.91425108909971,1.44443550980031,2500,1,NA,NA,NA,"teryde",NA,NA
"235","fixed",-14611.4454929509,3,29229.1074547354,29229.2892729172,0.000255348585804954,0.612603901534431,-14611.5537273677,3.46454447570068,3.61651191120109,1.29556592090012,1,2500,NA,NA,NA,"teryde",NA,NA
"236","scrub",-14611.3579190483,3,29228.7866434135,29228.9684615953,4.04037019190398e-05,0.61303294440776,-14611.3933217067,3.14373315379999,3.2957005893004,1.13516025990066,2500,1,NA,NA,NA,"teryde",NA,NA
"237","beach",-14611.4510142396,3,29228.9020284791,29229.083846661,4.19081439812105e-05,0.612842086299509,-14611.4510142396,3.25911821940099,3.41108565499962,1.19285279279939,1,2500,NA,NA,NA,"teryde",NA,NA
"238","agric",-14611.4510142396,3,29228.9020284791,29229.083846661,4.19081439812105e-05,0.612842086299509,-14611.4510142396,3.25911821940099,3.41108565499962,1.19285279279939,1,2500,NA,NA,NA,"teryde",NA,NA
"239","water",-14611.4510142396,3,29228.9020284791,29229.0838466609,4.19081439438563e-05,0.61284208659562,-14611.4510142395,3.25911821940099,3.41108565489776,1.19285279269934,0.999999999999545,2500,NA,NA,NA,"teryde",NA,NA
"240","urban",-14611.341291564,3,29229.4635341427,29229.6453523245,2.03153291404331e-05,0.613263846509009,-14611.7317670714,3.82062388299892,3.97259131849933,1.47360562460017,2500,1,NA,NA,NA,"teryde",NA,NA
"241","Null",-14611.8214551299,1,29225.6429102597,29225.672761006,0,0.612961762292816,-14611.8214551299,0,0,1.56329368310071,NA,NA,NA,NA,NA,"teryde",NA,NA
"242","Distance",-14611.4510142396,2,29226.9020284791,29226.992254043,4.19081439990197e-05,0.612842086158378,-14611.4510142396,1.25911821940099,1.31949303700094,1.19285279279939,NA,NA,NA,NA,NA,"teryde",NA,NA
"243","opend.fixed",-14611.5554083928,4,29231.6311292327,29231.9364727441,1.39046056139724e-06,0.612956980997041,-14611.8155646163,5.98821897300149,6.26371173809821,1.55740316949959,55.3037618191115,1,2500,NA,NA,"teryde",NA,NA
"244","opend.scrub",-14611.2771159479,4,29230.9933797742,29231.2987232856,0.000107647243023447,0.612994490523767,-14611.4966898871,5.35046951450204,5.62596227959875,1.2385284403008,69.4164942126135,1,2500,NA,NA,"teryde",NA,NA
"245","opend.beach",-14611.3977632925,4,29230.795526585,29231.1008700964,5.55557832196434e-05,0.612865474780809,-14611.3977632925,5.15261632530019,5.42810909040054,1.13960184569987,1.9140697350208,1,2500,NA,NA,"teryde",NA,NA
"246","opend.agric",-14611.3939080878,4,29230.7878161755,29231.093159687,5.75097411618856e-05,0.612867780519671,-14611.3939080878,5.14490591580034,5.42039868099891,1.13574664100088,2.1435487853546,1,2500,NA,NA,"teryde",NA,NA
"247","opend.water",-14611.3939979754,4,29230.7879959509,29231.0933394623,5.74841990772078e-05,0.612867754117861,-14611.3939979754,5.14508569120153,5.42057845629824,1.13583652859961,2.14134210824204,1,2500,NA,NA,"teryde",NA,NA
"248","opend.urban",-14611.4482268465,4,29231.6378359931,29231.9431795046,8.04858741781215e-07,0.61301144648149,-14611.8189179966,5.99492573340103,6.27041849859961,1.56075654979941,83.5499412689364,2500,1,NA,NA,"teryde",NA,NA
"249","fixed.scrub",-14611.3092958736,4,29231.1314952792,29231.4368387906,8.62604502703128e-05,0.613132469850485,-14611.5657476396,5.48858501950235,5.76407778459907,1.30758619280095,1,1144.0305925152,2500,NA,NA,"teryde",NA,NA
"250","fixed.beach",-14611.4454929519,4,29230.8910005118,29231.1963440232,4.25946331597348e-05,0.612845764703875,-14611.4455002559,5.24809025210197,5.52358301719869,1.18733880910077,1,1.12495548467041,2500,NA,NA,"teryde",NA,NA
"251","fixed.agric",-14611.3902180684,4,29230.9133080174,29231.2186515288,4.22107977989777e-05,0.612871538144723,-14611.4566540087,5.27039775770027,5.54589052280062,1.19849256189991,1,4.97266525170471,2500,NA,NA,"teryde",NA,NA
"252","fixed.water",-14611.4442315137,4,29230.91520273,29231.2205462414,4.14333703256271e-05,0.612865106495941,-14611.457601365,5.27229247030118,5.5477852353979,1.19943991820037,1,1.83576908281293,2500,NA,NA,"teryde",NA,NA
"253","fixed.urban",-14611.5364425016,4,29230.5380559981,29230.8433995095,0.000156070453456401,0.613120584128374,-14611.269027999,4.89514573839915,5.1706385034995,1.01086655220024,1,2500,469.000820112698,NA,NA,"teryde",NA,NA
"254","scrub.beach",-14611.3637012211,4,29230.7321399645,29231.0374834759,5.82167624410196e-05,0.612859332158883,-14611.3660699822,5.08922970480126,5.36472246989797,1.10790853539947,1,12.6304626513374,2500,NA,NA,"teryde",NA,NA
"255","scrub.agric",-14611.2817697377,4,29230.5931024392,29230.8984459507,7.58055573585252e-05,0.612860505950483,-14611.2965512196,4.95019217950176,5.22568494470033,1.03838977280066,1,29.4555709080919,2500,NA,NA,"teryde",NA,NA
"256","scrub.water",-14611.3536387153,4,29230.7568726247,29231.0622161362,6.37860331322175e-05,0.612870261247692,-14611.3784363124,5.1139623650015,5.38945513020008,1.12027486559964,1,30.7342028596167,2500,NA,NA,"teryde",NA,NA
"257","scrub.urban",-14611.6359269238,4,29231.2776972366,29231.583040748,6.75996448870094e-05,0.613022382976504,-14611.6388486183,5.63478697690152,5.91027974199824,1.38068717150054,1,2500,184.112321678948,NA,NA,"teryde",NA,NA
"258","beach.agric",-14611.4510142396,4,29230.9020284791,29231.2073719905,4.19081439990197e-05,0.612842086158378,-14611.4510142396,5.25911821940099,5.5346109844977,1.19285279279939,1,2500,932.764646714866,NA,NA,"teryde",NA,NA
"259","beach.water",-14611.4510142396,4,29230.9020284791,29231.2073719905,4.19081439990197e-05,0.612842086158378,-14611.4510142396,5.25911821940099,5.5346109844977,1.19285279279939,1,1836.21510762358,2500,NA,NA,"teryde",NA,NA
"260","beach.urban",-14611.3412919128,4,29230.6825838256,29230.9879273371,5.12429527323249e-05,0.612905847683077,-14611.3412919128,5.03967356590147,5.31516633110004,1.08313046600051,1.75477460357251,2500,1,NA,NA,"teryde",NA,NA
"261","agric.water",-14611.4510142396,4,29230.9020284791,29231.2073719905,4.19081439990197e-05,0.612842086158378,-14611.4510142396,5.25911821940099,5.5346109844977,1.19285279279939,1,2412.12792636933,2500,NA,NA,"teryde",NA,NA
"262","agric.urban",-14611.3433936716,4,29230.9192806356,29231.224624147,3.88559607521588e-05,0.613040806196125,-14611.4596403178,5.27637037590102,5.55186314099774,1.20147887100029,3.55750665663254,2500,1,NA,NA,"teryde",NA,NA
"263","water.urban",-14611.3411017222,4,29230.7972756758,29231.1026191872,4.47826785882816e-05,0.612942169015583,-14611.3986378379,5.15436541609961,5.42985818119996,1.14047639109958,2.098003965315,2500,1,NA,NA,"teryde",NA,NA
"264","opend.fixed.scrub",-14611.2695359056,5,29233.1737718863,29233.6353103479,7.39473723935773e-05,0.613175557392711,-14611.5868859432,7.53086162660111,7.96254934190074,1.32872449639945,1,41.4489918883824,1105.36622342037,2500,NA,"teryde",NA,NA
"265","opend.fixed.beach",-14611.6457847337,5,29233.6184350193,29234.0799734808,4.42080961507143e-06,0.613058338946718,-14611.8092175096,7.97552475960038,8.40721247479814,1.55105606280085,2.31735946008166,333.647012646964,1,2500,NA,"teryde",NA,NA
"266","opend.fixed.agric",-14611.557537906,5,29233.2744916461,29233.7360301076,2.83408811084325e-05,0.613237515579536,-14611.6372458231,7.6315813864021,8.06326910159987,1.37908437629994,1,33.1090906488939,23.5945461741849,2500,NA,"teryde",NA,NA
"267","opend.fixed.water",-14611.6099328491,5,29233.3267225097,29233.7882609713,1.78206117914431e-05,0.612947167351485,-14611.6633612549,7.68381225000121,8.11549996530084,1.4051998080995,1,1.37726746892531,59.9133973557618,2500,NA,"teryde",NA,NA
"268","opend.fixed.urban",-14611.2870450693,5,29232.5739152459,29233.0354537074,4.96388271914088e-05,0.613064713482449,-14611.2869576229,6.9310049861997,7.3626927014011,1.02879617610051,1,2184.09459336036,2500,2499.4138390581,NA,"teryde",NA,NA
"269","opend.scrub.beach",-14611.2759651142,5,29232.5519302285,29233.01346869,8.96278361059988e-05,0.612900004089102,-14611.2759651142,6.90901996879984,7.34070768399761,1.01780366740059,1.85169984317508,1,32.7212935772432,2500,NA,"teryde",NA,NA
"270","opend.scrub.agric",-14611.2733808449,5,29232.6501991174,29233.111737579,8.66293706975175e-05,0.612885094300665,-14611.3250995587,7.0072888577015,7.43897657300113,1.06693811190053,1.26890742466185,1,54.2684698623789,2500,NA,"teryde",NA,NA
"271","opend.scrub.water",-14611.2784960974,5,29232.5569921947,29233.0185306562,8.55524827602913e-05,0.612891381635759,-14611.2784960973,6.91408193499956,7.34576965020096,1.02033465050044,1.64350675121341,1,28.6020257134624,2500,NA,"teryde",NA,NA
"272","opend.scrub.urban",-99999,5,29232.9513981152,29233.4129365768,3.60437883133427e-05,0.613001352906191,-14611.4756990576,7.30848785550188,7.74017557079787,1.21753761080072,1,1556.82288530053,1089.66589672857,2500,NA,"teryde",NA,NA
"273","opend.beach.agric",-14611.3977640335,5,29232.795528067,29233.2570665286,5.55561991979414e-05,0.61286547609154,-14611.3977640335,7.15261780729998,7.58430552259961,1.13960258669977,1.9141461041113,1,2500,2231.76945072782,NA,"teryde",NA,NA
"274","opend.beach.water",-14611.3977633942,5,29232.7955267885,29233.25706525,5.55558403130728e-05,0.612865475044343,-14611.3977633942,7.15261652880145,7.58430424399921,1.13960194739957,1.91408021885854,1,2181.36394526952,2500,NA,"teryde",NA,NA
"275","opend.beach.urban",-14611.4135764007,5,29232.8271528014,29233.2886912629,4.6169264183776e-05,0.613123801859005,-14611.4135764007,7.18424254170168,7.61593025689945,1.15541495390062,2.11487726847463,17.6002630033126,2500,1,NA,"teryde",NA,NA
"276","opend.agric.water",-14611.3939213483,5,29232.7878426965,29233.2493811581,5.75063678272884e-05,0.612867778143474,-14611.3939213483,7.14493243680045,7.57662015210008,1.13575990150093,2.14328778758818,1,2075.76580163965,2500,NA,"teryde",NA,NA
"277","opend.agric.urban",-14611.3211905393,5,29232.6423810787,29233.1039195402,5.46549857665617e-05,0.612876638534633,-14611.3211905393,6.99947081899882,7.43115853420022,1.06302909250007,1.67544444026134,1.48149045058153,2500,0.999999999999545,NA,"teryde",NA,NA
"278","opend.water.urban",-14611.4800466791,5,29233.2976699057,29233.7592083672,2.55746050100144e-05,0.612865943762899,-14611.6488349528,7.65475964600046,8.08644736119822,1.39067350600089,3.36647435845771,1,2500,37.4591186993712,NA,"teryde",NA,NA
"279","fixed.scrub.beach",-14611.3092673223,5,29232.8550535598,29233.3165920214,0.000104461758806667,0.613109616537049,-14611.4275267799,7.21214330010116,7.64383101540079,1.16936533310036,1,54.6274809491729,118.237831980323,2500,NA,"teryde",NA,NA
"280","fixed.scrub.agric",-14611.2803160615,5,29232.6182963827,29233.0798348443,0.000116514785399288,0.613063553873519,-14611.3091481914,6.97538612300195,7.40707383829795,1.05098674459987,1,24.5508678526917,63.8794392603104,2500,NA,"teryde",NA,NA
"281","fixed.scrub.water",-14611.2860315477,5,29232.6645559435,29233.126094405,0.000103771790335316,0.613060745384389,-14611.3322779718,7.02164568379885,7.45333339900026,1.07411652500014,1,25.5275281055269,45.9063737532178,2500,NA,"teryde",NA,NA
"282","fixed.scrub.urban",-14611.3019599895,5,29232.6039899901,29233.0655284516,0.000141899230094528,0.61301500049349,-14611.301994995,6.96107973040125,7.39276744559902,1.04383354819947,1,167.972792562061,2500,147.073455021924,NA,"teryde",NA,NA
"283","fixed.beach.agric",-14611.3902219033,5,29232.8265885212,29233.2881269827,4.71483479349346e-05,0.612861225154185,-14611.4132942606,7.18367826149915,7.61536597670056,1.15513281379936,1,3.38188763307244,2500,1949.04177845785,NA,"teryde",NA,NA
"284","fixed.beach.water",-14611.4441919742,5,29232.8917529785,29233.3532914401,4.26129416692316e-05,0.612849914636569,-14611.4458764893,7.24884271880001,7.68053043409964,1.18771504250071,1,1.24223811104412,2500,97.1346236643249,NA,"teryde",NA,NA
"285","fixed.beach.urban",-14611.4227737582,5,29232.8863691883,29233.3479076499,4.45378246519041e-05,0.612858869284411,-14611.4431845942,7.24345892860219,7.67514664389819,1.18502314739999,1,2.70372237281163,2500,2.27969067302638,NA,"teryde",NA,NA
"286","fixed.agric.water",-14611.3843692226,5,29232.7988853118,29233.2604237733,4.87192405003593e-05,0.612856701855985,-14611.3994426559,7.15597505210098,7.58766276729875,1.14128120910027,1,2.51961361175927,1089.39941217886,2500,NA,"teryde",NA,NA
"287","fixed.agric.urban",-14611.420909805,5,29232.9255164495,29233.387054911,4.18413868727896e-05,0.612865016099694,-14611.4627582248,7.2826061898013,7.71429390499907,1.20459677799954,1,4.43605071251841,2500,1.43382530649797,NA,"teryde",NA,NA
"288","fixed.water.urban",-14611.4360546604,5,29232.8856746088,29233.3472130703,4.45607273760294e-05,0.612858796793836,-14611.4428373044,7.24276434909916,7.67445206430057,1.18467585759936,1,2.69682048855293,2500,2.2503949719071,NA,"teryde",NA,NA
"289","scrub.beach.agric",-14611.2817697488,5,29232.5802390514,29233.0417775129,7.37394138871346e-05,0.612857034432821,-14611.2901195257,6.93732879170057,7.36901650689833,1.03195807890006,1,23.4919109275202,2024.07980047399,2500,NA,"teryde",NA,NA
"290","scrub.beach.water",-14611.3536387142,5,29232.7075557351,29233.1690941966,5.92852396537687e-05,0.612855598853965,-14611.3537778675,7.06464547540236,7.49633319060013,1.09561642070003,1,11.1253982086487,982.437557540961,2500,NA,"teryde",NA,NA
"291","scrub.beach.urban",-14611.6369689973,5,29233.2739379945,29233.7354764561,7.2167656951448e-05,0.613012386241436,-14611.6369689973,7.63102773480205,8.06271545009804,1.37880755049991,2.23480223613751,2500,1,144.083789052007,NA,"teryde",NA,NA
"292","scrub.agric.water",-14611.2909512751,5,29232.5885309931,29233.0500694547,7.11493790233477e-05,0.612852466196349,-14611.2942654966,6.94562073340057,7.37730844870021,1.03610404979918,1,18.7775153302969,2500,1660.03952524102,NA,"teryde",NA,NA
"293","scrub.agric.urban",-14611.3042004441,5,29232.608243312,29233.0697817735,0.000173395492006927,0.613110695415387,-14611.304121656,6.96533305229968,7.39702076750109,1.04596020919962,1,2500,1259.18871739991,163.041597932131,NA,"teryde",NA,NA
"294","scrub.water.urban",-14611.6348653124,5,29233.2755981328,29233.7371365943,6.7648152811128e-05,0.613022600794841,-14611.6377990664,7.63268787310153,8.0643755882993,1.37963761960054,1,2500,152.185803065564,186.411031029414,NA,"teryde",NA,NA
"295","beach.agric.water",-14611.4510142396,5,29232.9020284791,29233.3635669406,4.19081439418381e-05,0.612842086611637,-14611.4510142396,7.25911821940099,7.69080593459876,1.19285279279939,0.999999999999545,2083.07571719187,2323.99284603436,2500,NA,"teryde",NA,NA
"296","beach.agric.urban",-14611.3433936746,5,29232.7349412655,29233.1964797271,4.83266876125606e-05,0.612921945320821,-14611.3674706328,7.09203100579907,7.5237187210987,1.10930918600025,1.88468257522754,2500,1968.25003020958,1,NA,"teryde",NA,NA
"297","beach.water.urban",-14611.3411017218,5,29232.831284151,29233.2928226125,4.28272648734369e-05,0.612956885300721,-14611.4156420755,7.18837389130204,7.6200616064998,1.1574806287008,2.27568617673251,1552.38264789086,2500,1,NA,"teryde",NA,NA
"298","agric.water.urban",-14611.3432042151,5,29232.691112234,29233.1526506955,5.07506388928742e-05,0.612910152486356,-14611.345556117,7.04820197429945,7.47988968950085,1.0873946701995,1.78626724971082,2500,1709.03024500118,1,NA,"teryde",NA,NA
"299","opend.fixed.scrub.beach",-14611.3040795152,6,29234.9196912849,29235.5708540756,8.64230300589437e-05,0.613131897484152,-14611.4598456425,9.27678102520076,9.89809306959796,1.20168419569927,1,2.58581577302584,52.430199702419,117.610052319758,2500,"teryde",NA,NA
"300","opend.fixed.scrub.agric",-14611.4653180178,6,29234.9395814609,29235.5907442516,0.000109913367542181,0.613165715374522,-14611.4697907305,9.29667120120212,9.91798324559932,1.21162928369995,1,2.13079615199786,1509.65559547157,2500,2322.67715634294,"teryde",NA,NA
"301","opend.fixed.scrub.water",-14611.2467110779,6,29235.0871074704,29235.7382702611,7.19232634873851e-05,0.613141149485876,-14611.5435537352,9.44419721070153,10.0655092550987,1.28539228840054,1,4.87296975972959,107.27926696059,205.263042696569,2500,"teryde",NA,NA
"302","opend.fixed.scrub.urban",-14610.970404391,6,29233.9401558974,29234.5913186881,0.000155885694456795,0.612990209217893,-14610.9700779487,8.29724563769923,8.91855768210007,0.711916501899395,1.00000000000045,114.535276077659,790.157265825821,2500,304.360495640441,"teryde",NA,NA
"303","opend.fixed.beach.agric",-14611.395590475,6,29234.8245848868,29235.4757476775,4.61598489842638e-05,0.612863945091501,-14611.4122924434,9.18167462709971,9.80298667150055,1.15413099659963,1,1.10988436302705,3.26196461556719,2500,1323.1819841945,"teryde",NA,NA
"304","opend.fixed.beach.water",-14611.4215983914,6,29234.8431967829,29235.4943595736,4.120036146945e-05,0.613122339088056,-14611.4215983915,9.20028652319888,9.82159856759972,1.16343694470015,3.37858571203333,36.2035274446148,9.10196962657847,1,2500,"teryde",NA,NA
"305","opend.fixed.beach.urban",-14611.2848914947,6,29234.5697829894,29235.2209457801,4.98473650274208e-05,0.613066290230221,-14611.2848914947,8.92687272970215,9.54818477409935,1.02673004790086,2.50055859141594,2203.24775542257,2499.48772380164,1,2500,"teryde",NA,NA
"306","opend.fixed.agric.water",-14611.4973490617,6,29235.0124226835,29235.6635854742,3.504334022447e-05,0.612893915374815,-14611.5062113417,9.36951242380019,9.99082446820103,1.24804989490076,1,1.22762809975666,12.2292813940858,2263.18100623542,2500,"teryde",NA,NA
"307","opend.fixed.agric.urban",-14610.9786281771,6,29233.95517562,29234.6063384107,7.83975144680746e-05,0.613071819428898,-14610.97758781,8.31226536030226,8.93357740469946,0.71942636320091,1,2136.07642084408,2429.1656282485,822.6937125282,2500,"teryde",NA,NA
"308","opend.fixed.water.urban",-14611.2067459528,6,29234.4127280188,29235.0638908095,5.72816853718356e-05,0.613078401350646,-14611.2063640094,8.76981775910099,9.39112980349819,0.948202562600272,1,1868.58147405447,2500,912.871021718508,2137.79476874021,"teryde",NA,NA
"309","opend.scrub.beach.agric",-14611.3056682036,6,29234.6113364072,29235.2624991979,8.61470289976497e-05,0.61289151245234,-14611.3056682036,8.9684261475013,9.5897381918985,1.04750675680043,1.54035669336645,1,42.3404785729836,2500,1477.50374346356,"teryde",NA,NA
"310","opend.scrub.beach.water",-14611.277455573,6,29234.554911146,29235.2060739367,8.76688801545716e-05,0.612896019820325,-14611.277455573,8.91200088629921,9.53331293070005,1.01929412619938,1.7574133469243,1,30.5404889098722,2500,1357.29765998197,"teryde",NA,NA
"311","opend.scrub.beach.urban",-14611.4291534111,6,29234.8583068223,29235.509469613,4.15108206744541e-05,0.612842728702423,-14611.4291534112,9.21539656260211,9.83670860699931,1.17099196439995,1.74953472830975,1.86846097958187,1,2500,4.11149096047802,"teryde",NA,NA
"312","opend.scrub.agric.water",-14611.2822875883,6,29234.5645751765,29235.2157379672,8.99072608661813e-05,0.612903280063836,-14611.2822875883,8.92166491680109,9.54297696119829,1.02412614149944,1.96631738061751,1,33.7861741661418,2500,2015.19870136179,"teryde",NA,NA
"313","opend.scrub.agric.urban",-14611.1707956119,6,29234.3392945887,29234.9904573794,0.000164415288207769,0.613088297531621,-14611.1696472944,8.69638432899956,9.31769637340039,0.911485847600488,1,70.0423419335621,2500,1697.62422932921,157.381236116189,"teryde",NA,NA
"314","opend.scrub.water.urban",-14611.6248614272,6,29235.2497228542,29235.9008856449,7.18240016674232e-05,0.613023329287249,-14611.6248614271,9.60681259450212,10.2281246388993,1.36669998030084,2.16306292263471,1,2500,1379.50953789227,182.905334374549,"teryde",NA,NA
"315","opend.beach.agric.water",-14611.3977634095,6,29234.7955268189,29235.4466896096,5.55558488402211e-05,0.612865475309906,-14611.3977634095,9.1526165592004,9.7739286035976,1.13960196270091,1.91408179137443,0.999999999999545,2500,944.1835019653,147.464607412773,"teryde",NA,NA
"316","opend.beach.agric.urban",-14611.3011040053,6,29234.6022080105,29235.2533708012,6.05755360123934e-05,0.612863681804396,-14611.3011040053,8.95929775080003,9.58060979520087,1.04294255850073,1.74599036710788,1.16022458153793,1417.6180761677,2500,1,"teryde",NA,NA
"317","opend.beach.water.urban",-14611.4063781446,6,29234.8127562893,29235.46391908,5.59695094118785e-05,0.612854093140731,-14611.4063781446,9.16984602959928,9.79115807400012,1.14821669780031,1.99128612568029,1,2500,1105.76929580892,7.26278639566453,"teryde",NA,NA
"318","opend.agric.water.urban",-14611.5504082388,6,29235.1009556952,29235.7521184859,2.62041137515242e-05,0.612983152617626,-14611.5504778476,9.45804543550184,10.079357479899,1.2923164008007,1,12.985883738575,2500,645.384608544016,3.60293810176199,"teryde",NA,NA
"319","fixed.scrub.beach.agric",-14611.4191307542,6,29234.8722923907,29235.5234551814,0.000109737907566925,0.613115928402518,-14611.4361461954,9.22938213100133,9.85069417539853,1.17798474859956,1,86.9189898457071,184.42091858681,2500,558.425265533515,"teryde",NA,NA
"320","fixed.scrub.beach.water",-14611.2860521219,6,29234.7259666398,29235.3771294305,0.00010342602207254,0.613072990234275,-14611.3629833199,9.08305638009915,9.70436842449999,1.10482187309935,1,32.3253467875797,58.3885407448038,1641.84935970472,2500,"teryde",NA,NA
"321","fixed.scrub.beach.urban",-14611.4115283012,6,29234.8230907878,29235.4742535785,9.6579366597281e-05,0.61299194319017,-14611.4115453939,9.1801805280993,9.80149257250014,1.15338394709943,1,1121.56215583146,2500,2.30174110531516,383.073780549356,"teryde",NA,NA
"322","fixed.scrub.agric.water",-14611.3226589005,6,29234.645317801,29235.2964805917,0.000111456876677117,0.612919569703741,-14611.3226589005,9.00240754130209,9.62371958569929,1.06449745370082,2.07926243759994,1,139.786939855577,2500,1903.82969357313,"teryde",NA,NA
"323","fixed.scrub.agric.urban",-14611.25232369,6,29234.5335071762,29235.1846699669,0.000174397121277813,0.613081027724997,-14611.2667535881,8.89059691649891,9.51190896089975,1.00859214129923,1,17.5623533533035,2500,1419.92713071039,160.249939649148,"teryde",NA,NA
"324","fixed.scrub.water.urban",-14611.301103962,6,29234.6022364557,29235.2533992464,0.000143279904120188,0.613015653264346,-14611.3011182278,8.95932619599989,9.58063824040073,1.04295678100061,1,155.051593780081,2500,1409.82200506342,143.801611259285,"teryde",NA,NA
"325","fixed.beach.agric.water",-14611.3843645989,6,29234.8191250463,29235.470287837,4.75700530884786e-05,0.612859650607036,-14611.4095625231,9.1762147865993,9.79752683100014,1.15140107630032,1,3.12222203552255,1645.57590754179,1908.77055317987,2500,"teryde",NA,NA
"326","fixed.beach.agric.urban",-14611.4921918081,6,29235.123807519,29235.7749703097,3.18243088290402e-05,0.612869594106618,-14611.5619037595,9.48089725930186,10.1022093036991,1.30374231270071,1,5.76959841745747,2277.0189585899,2500,7.58190163679501,"teryde",NA,NA
"327","fixed.beach.water.urban",-14611.4372713458,6,29234.8745426913,29235.525705482,4.13148482561803e-05,0.612908032567223,-14611.4372713456,9.23163243160161,9.85294447599881,1.17910989879965,1.62235338118899,3.70774581306023,1383.33328076491,2500,1,"teryde",NA,NA
"328","fixed.agric.water.urban",-14611.3474731136,6,29234.6949462272,29235.3461090179,5.10002992884452e-05,0.612869291062044,-14611.3474731136,9.05203596749925,9.67334801190009,1.0893116667994,1.48693104225913,1.52363849780522,2500,662.266797141943,1,"teryde",NA,NA
"329","scrub.beach.agric.water",-14611.2909513158,6,29234.6205297644,29235.2716925551,7.63068062024134e-05,0.612861262029933,-14611.3102648822,8.97761950470158,9.59893154909878,1.05210343540057,1,33.9705370580186,2482.5769904159,975.846038333707,2500,"teryde",NA,NA
"330","scrub.beach.agric.urban",-14611.309158377,6,29234.6164069552,29235.2675697459,0.00017046807460777,0.613105845457957,-14611.3082034776,8.97349669550022,9.59480873990105,1.05004203079989,1,1842.31773857573,3.27937062015417,2500,121.205646245695,"teryde",NA,NA
"331","scrub.beach.water.urban",-14611.6096545673,6,29235.2193091345,29235.8704719252,7.28475107345481e-05,0.61300893270087,-14611.6096545673,9.57639887480036,10.1977109191976,1.35149312050089,2.76678806219206,1981.51314810066,1,2500,145.968086363482,"teryde",NA,NA
"332","scrub.agric.water.urban",-14611.3039689108,6,29234.6079213413,29235.259084132,0.000173387684362505,0.613110714444347,-14611.3039606706,8.9650110816001,9.58632312600093,1.04579922380071,1,2500,1200.73847495252,854.40172246375,163.236090218415,"teryde",NA,NA
"333","beach.agric.water.urban",-14611.3432085375,6,29234.6864170751,29235.3375798658,5.10380959966358e-05,0.612905960228418,-14611.3432085375,9.04350681540018,9.66481885980102,1.08504709070075,1.75466521008275,2500,2026.88183913196,1576.12865717197,1,"teryde",NA,NA
"334","opend.fixed.scrub.beach.agric",-14611.4680420354,7,29236.9383261847,29237.8133261847,0.000110016451239714,0.613165849485077,-14611.4691630923,11.2954159250003,12.140565178699,1.2110016455008,1,2.04975056841158,1518.36368066132,2500,1457.91459844076,"teryde",2034.7443412532,NA
"335","opend.fixed.scrub.beach.water",-14611.2397002785,7,29236.6977434194,29237.5727434194,9.15687865468303e-05,0.613091087845427,-14611.3488717097,11.054833159702,11.8999824134007,1.09071026290076,1,1.99753517297813,27.4669226437186,51.6130967676299,807.165194498652,"teryde",2500,NA
"336","opend.fixed.scrub.beach.urban",-14610.9745148147,7,29235.9472192007,29236.8222192007,0.000154033725139038,0.612990077706229,-14610.9736096003,10.3043089410021,11.1494581947009,0.715448153499892,1.0086181849706,121.142740656796,839.500112894886,2500,1,"teryde",318.527960098056,NA
"337","opend.fixed.scrub.agric.water",-14611.2139008994,7,29236.6421281364,29237.5171281364,0.00012675933322024,0.613107661119074,-14611.3210640682,10.9992178766988,11.8443671303976,1.06290262139919,1,2.03798372097344,37.7381676209698,135.144573291776,1623.81167439026,"teryde",2500,NA
"338","opend.fixed.scrub.agric.urban",-14610.3965420058,7,29234.7917945101,29235.6667945101,0.000192173304672745,0.612960013168707,-14610.3958972551,9.14888425040044,9.99403350409921,0.137735808300931,1,744.004993388227,1238.57830768107,1846.44765854792,2500,"teryde",1241.37189859256,NA
"339","opend.fixed.scrub.water.urban",-14610.9001132717,7,29235.8002261116,29236.6752261116,0.000148353723497317,0.61302563671614,-14610.9001130558,10.1573158519022,11.002465105601,0.641951609000898,1,214.311997117898,1021.4587731827,2500,526.33984306353,"teryde",289.392442689818,NA
"340","opend.fixed.beach.agric.water",-14611.5277095898,7,29237.0763333093,29237.9513333093,3.36928291282499e-05,0.612901757552406,-14611.5381666546,11.4334230495988,12.2785723032976,1.28000520780006,1.08137925147139,1,25.5137477630396,1915.73368016357,1628.28309938445,"teryde",2500,NA
"341","opend.fixed.beach.agric.urban",-14610.9774775962,7,29235.9549551924,29236.8299551924,7.84246897926942e-05,0.613072681024059,-14610.9774775962,10.3120449326998,11.1571941863986,0.719316149399674,1.65741231474431,2143.85121088261,2428.31796015776,1,822.14945535383,"teryde",2500,NA
"342","opend.fixed.beach.water.urban",-14611.2107015276,7,29236.4214030552,29237.2964030552,5.71989797744908e-05,0.613083140280822,-14611.2107015276,10.7784927954999,11.6236420491987,0.952540080799736,2.02307922308637,2092.49687895098,2500,1,1656.39732994369,"teryde",2284.99342407808,NA
"343","opend.fixed.agric.water.urban",-14610.9790608307,7,29235.9558976201,29236.8308976201,7.83115837512896e-05,0.613070277881438,-14610.97794881,10.3129873604012,11.1581366140999,0.71978736319943,1,2116.56543110522,2445.55641866367,229.24828126285,804.039003044925,"teryde",2500,NA
"344","opend.scrub.beach.agric.water",-14611.2881567885,7,29236.5733660508,29237.4483660508,7.31406095397142e-05,0.612854923098904,-14611.2866830254,10.9304557911018,11.7756050448006,1.0285215786007,1.09050684974864,1,17.8986285973651,1053.90371364461,2088.34369408934,"teryde",2500,NA
"345","opend.scrub.beach.agric.urban",-14611.4221962065,7,29236.8403127371,29237.7153127371,7.84138797796648e-05,0.613052437137549,-14611.4201563686,11.197402477399,12.0425517310978,1.16199492180021,1,138.923395946675,2500,15.2575736477515,1750.20497615275,"teryde",173.133613841773,NA
"346","opend.scrub.beach.water.urban",-99999,7,29236.7244360264,29237.5994360264,5.31979424224785e-05,0.612967451401763,-14611.3622180132,11.0815257667018,11.9266750204006,1.10405656640069,1,2500,1015.7911891339,1251.56035020311,1737.40084979972,"teryde",1359.16233626407,NA
"347","opend.scrub.agric.water.urban",-14611.1711022661,7,29236.3396574988,29237.2146574988,0.00016195889830126,0.613090382838297,-14611.1698287494,10.6967472391007,11.5418964927994,0.911667302600108,1.00000000000045,74.9438724330862,2500,1714.07683805806,4.39132832397127,"teryde",155.854113505238,NA
"348","opend.beach.agric.water.urban",-14611.4575526605,7,29236.9151053211,29237.7901053211,3.70116178645329e-05,0.613025254634064,-14611.4575526605,11.2721950613995,12.1173443150983,1.19939121370044,1.44763508348842,11.4971389675384,2500,1998.1359707013,1199.60072866433,"teryde",1,NA
"349","fixed.scrub.beach.agric.water",-14611.2213791223,7,29236.5131946272,29237.3881946272,0.000127431461902498,0.61306024008831,-14611.2565973136,10.8702843675019,11.7154336212006,0.998435866800719,1,23.1642697112975,61.7225846022711,1048.85109274306,1244.68582693286,"teryde",2500,NA
"350","fixed.scrub.beach.agric.urban",-14611.2427600672,7,29236.4855201344,29237.3605201344,0.000172958609662925,0.613047892781148,-14611.2427600672,10.8426098747004,11.6877591283992,0.984598620399993,2.29528288720303,32.8890760113213,2500,1,740.836600266414,"teryde",155.217926060474,NA
"351","fixed.scrub.beach.water.urban",-14611.2846495798,7,29236.5692991596,29237.4442991596,0.000145198419269505,0.613011975541472,-14611.2846495798,10.9263888999012,11.7715381536,1.02648813300038,2.09818187602605,160.432413227691,2500,1,1349.0103965175,"teryde",150.640739630749,NA
"352","fixed.scrub.agric.water.urban",-14611.2534906173,7,29236.5096733887,29237.3846733887,0.000178067422281546,0.613082539740058,-14611.2548366943,10.8667631290009,11.7119123826997,0.996675247499297,1,17.9066518214836,2500,1772.78589262219,1095.12961032377,"teryde",156.78747060279,NA
"353","fixed.beach.agric.water.urban",-14611.381768623,7,29236.7977688835,29237.6727688835,4.91028847828971e-05,0.612849756337965,-14611.3988844418,11.1548586238023,12.000007877501,1.14072299500003,1,1.9983303451404,2350.78653381358,1345.69450990606,2500,"teryde",1.26627061792578,NA
"354","scrub.beach.agric.water.urban",-14611.3100151695,7,29236.6197635611,29237.4947635611,0.000170598499675076,0.61310894427039,-14611.3098817806,10.9768533013994,11.8220025550982,1.0517203338004,1,2500,4.21681787408261,1583.99745945676,1773.04730673598,"teryde",166.893110424771,NA
"355","opend.fixed.scrub.beach.agric.water",-14611.4636202523,8,29238.9470195137,29240.0808777814,0.000106342337550824,0.613149066924146,-14611.4735097568,13.3041092540007,14.4081167754011,1.21534830999917,1,3.01214864278336,1274.84880658363,2042.69707741838,1433.68301160294,"teryde",2500,1688.55280930433
"356","opend.fixed.scrub.beach.agric.urban",-14610.3960839536,8,29236.7921679071,29237.9260261749,0.000192304935195452,0.612959627140511,-14610.3960839536,11.1492576474011,12.2532651688998,0.137922506799441,1.87481929156684,780.323706718664,1307.15364881643,1922.70267900043,1,"teryde",2500,1318.01708460906
"357","opend.fixed.scrub.beach.water.urban",-14610.8979749261,8,29237.7959498522,29238.9298081199,0.000148461457688652,0.613026359064215,-14610.8979749261,12.1530395925001,13.2570471139006,0.639813479299846,1.97851706657229,216.40614408113,1019.8829499601,2500,1,"teryde",857.590789472455,289.173423841816
"358","opend.fixed.scrub.agric.water.urban",-14610.2587274329,8,29236.5163228935,29237.6501811612,0.000190930546297819,0.613015424273622,-14610.2581614468,10.8734126338022,11.9774201551991,0,1,1903.63275580588,2204.42702664537,2228.5278001792,2500,"teryde",2279.36412380035,1749.15657835725
"359","opend.fixed.beach.agric.water.urban",-14610.9789856986,8,29237.9579713973,29239.091829665,7.82966528904312e-05,0.613072792906901,-14610.9789856986,12.3150611376004,13.4190686590009,0.720824251800877,1.76873199083502,2152.77511537025,2407.62333412192,1,333.553707453103,"teryde",343.483950138853,2500
"360","opend.scrub.beach.agric.water.urban",-14611.4529545509,8,29238.9077609375,29240.0416192052,8.65715953660202e-05,0.613034118078226,-14611.4538804688,13.2648506778023,14.3688581991992,1.19571902200005,1,48.1269054024538,1498.36431331871,7.90808028524225,2500,"teryde",904.709725519775,96.6627283205858
"361","fixed.scrub.beach.agric.water.urban",-14611.2533516207,8,29238.5067032412,29239.640561509,0.000180265670733458,0.613071535764925,-14611.2533516206,12.8637929815013,13.967800503,0.995190173800438,1.68838223793409,19.7630775586867,2500,1,2099.56667289788,"teryde",1050.65783099912,140.566079109249
"362","opend.fixed.scrub.beach.agric.water.urban",-14611.2412975901,8,29238.4825951802,29239.6164534479,0.000179250764346037,0.613076602135582,-14611.2412975901,12.8396849205019,13.9436924418987,0.983136143300726,1.75678280049578,19.0692618440971,2500,1,604.615551896676,"teryde",1612.51086124189,160.839431005865
